Name,coveredyear,coveredperiod,freq,releaseyear,releasemonth,releaseday,releasehour,releaseminute
JOBS,1996.0,12.0,12.0,1997,1,10,8,30
U,1996.0,12.0,12.0,1997,1,10,8,30
JOBS,1997.0,1.0,12.0,1997,2,7,8,30
U,1997.0,1.0,12.0,1997,2,7,8,30
JOBS,1997.0,2.0,12.0,1997,3,7,8,30
U,1997.0,2.0,12.0,1997,3,7,8,30
JOBS,1997.0,3.0,12.0,1997,4,4,8,30
U,1997.0,3.0,12.0,1997,4,4,8,30
JOBS,1997.0,4.0,12.0,1997,5,2,8,30
U,1997.0,4.0,12.0,1997,5,2,8,30
JOBS,1997.0,5.0,12.0,1997,6,6,8,30
U,1997.0,5.0,12.0,1997,6,6,8,30
JOBS,1997.0,6.0,12.0,1997,7,3,8,30
U,1997.0,6.0,12.0,1997,7,3,8,30
U,1997.0,7.0,12.0,1997,8,1,8,30
JOBS,1997.0,7.0,12.0,1997,8,1,8,30
JOBS,1997.0,8.0,12.0,1997,9,5,8,30
U,1997.0,8.0,12.0,1997,9,5,8,30
U,1997.0,9.0,12.0,1997,10,3,8,30
JOBS,1997.0,9.0,12.0,1997,10,3,8,30
JOBS,1997.0,10.0,12.0,1997,11,7,8,30
U,1997.0,10.0,12.0,1997,11,7,8,30
U,1997.0,11.0,12.0,1997,12,5,8,30
JOBS,1997.0,11.0,12.0,1997,12,5,8,30
U,1997.0,12.0,12.0,1998,1,9,8,30
JOBS,1997.0,12.0,12.0,1998,1,9,8,30
U,1998.0,1.0,12.0,1998,2,6,8,30
JOBS,1998.0,1.0,12.0,1998,2,6,8,30
U,1998.0,2.0,12.0,1998,3,6,8,30
JOBS,1998.0,2.0,12.0,1998,3,6,8,30
U,1998.0,3.0,12.0,1998,4,3,8,30
JOBS,1998.0,3.0,12.0,1998,4,3,8,30
U,1998.0,4.0,12.0,1998,5,8,8,30
JOBS,1998.0,4.0,12.0,1998,5,8,8,30
U,1998.0,5.0,12.0,1998,6,5,8,30
JOBS,1998.0,5.0,12.0,1998,6,5,8,30
U,1998.0,6.0,12.0,1998,7,2,8,30
JOBS,1998.0,6.0,12.0,1998,7,2,8,30
U,1998.0,7.0,12.0,1998,8,7,8,30
JOBS,1998.0,7.0,12.0,1998,8,7,8,30
U,1998.0,8.0,12.0,1998,9,4,8,30
JOBS,1998.0,8.0,12.0,1998,9,4,8,30
U,1998.0,9.0,12.0,1998,10,2,8,30
JOBS,1998.0,9.0,12.0,1998,10,2,8,30
U,1998.0,10.0,12.0,1998,11,5,8,30
JOBS,1998.0,10.0,12.0,1998,11,5,8,30
U,1998.0,11.0,12.0,1998,12,4,8,30
JOBS,1998.0,11.0,12.0,1998,12,4,8,30
U,1998.0,12.0,12.0,1999,1,8,8,30
JOBS,1998.0,12.0,12.0,1999,1,8,8,30
U,1999.0,1.0,12.0,1999,2,5,8,30
JOBS,1999.0,1.0,12.0,1999,2,5,8,30
U,1999.0,2.0,12.0,1999,3,5,8,30
JOBS,1999.0,2.0,12.0,1999,3,5,8,30
U,1999.0,3.0,12.0,1999,4,2,8,30
JOBS,1999.0,3.0,12.0,1999,4,2,8,30
U,1999.0,4.0,12.0,1999,5,7,8,30
JOBS,1999.0,4.0,12.0,1999,5,7,8,30
U,1999.0,5.0,12.0,1999,6,4,8,30
JOBS,1999.0,5.0,12.0,1999,6,4,8,30
U,1999.0,6.0,12.0,1999,7,2,8,30
JOBS,1999.0,6.0,12.0,1999,7,2,8,30
U,1999.0,7.0,12.0,1999,8,6,8,30
JOBS,1999.0,7.0,12.0,1999,8,6,8,30
U,1999.0,8.0,12.0,1999,9,3,8,30
JOBS,1999.0,8.0,12.0,1999,9,3,8,30
U,1999.0,9.0,12.0,1999,10,8,8,30
JOBS,1999.0,9.0,12.0,1999,10,8,8,30
U,1999.0,10.0,12.0,1999,11,5,8,30
JOBS,1999.0,10.0,12.0,1999,11,5,8,30
U,1999.0,11.0,12.0,1999,12,3,8,30
JOBS,1999.0,11.0,12.0,1999,12,3,8,30
U,1999.0,12.0,12.0,2000,1,7,8,30
JOBS,1999.0,12.0,12.0,2000,1,7,8,30
U,2000.0,1.0,12.0,2000,2,4,8,30
JOBS,2000.0,1.0,12.0,2000,2,4,8,30
U,2000.0,2.0,12.0,2000,3,3,8,30
JOBS,2000.0,2.0,12.0,2000,3,3,8,30
U,2000.0,3.0,12.0,2000,4,7,8,30
JOBS,2000.0,3.0,12.0,2000,4,7,8,30
U,2000.0,4.0,12.0,2000,5,5,8,30
JOBS,2000.0,4.0,12.0,2000,5,5,8,30
U,2000.0,5.0,12.0,2000,6,2,8,30
JOBS,2000.0,5.0,12.0,2000,6,2,8,30
U,2000.0,6.0,12.0,2000,7,7,8,30
JOBS,2000.0,6.0,12.0,2000,7,7,8,30
U,2000.0,7.0,12.0,2000,8,4,8,30
JOBS,2000.0,7.0,12.0,2000,8,4,8,30
U,2000.0,8.0,12.0,2000,9,1,8,30
JOBS,2000.0,8.0,12.0,2000,9,1,8,30
U,2000.0,9.0,12.0,2000,10,6,8,30
JOBS,2000.0,9.0,12.0,2000,10,6,8,30
U,2000.0,10.0,12.0,2000,11,3,8,30
JOBS,2000.0,10.0,12.0,2000,11,3,8,30
U,2000.0,11.0,12.0,2000,12,8,8,30
JOBS,2000.0,11.0,12.0,2000,12,8,8,30
U,2000.0,12.0,12.0,2001,1,5,8,30
JOBS,2000.0,12.0,12.0,2001,1,5,8,30
U,2001.0,1.0,12.0,2001,2,2,8,30
JOBS,2001.0,1.0,12.0,2001,2,2,8,30
U,2001.0,2.0,12.0,2001,3,9,8,30
JOBS,2001.0,2.0,12.0,2001,3,9,8,30
U,2001.0,3.0,12.0,2001,4,6,8,30
JOBS,2001.0,3.0,12.0,2001,4,6,8,30
U,2001.0,4.0,12.0,2001,5,4,8,30
JOBS,2001.0,4.0,12.0,2001,5,4,8,30
U,2001.0,5.0,12.0,2001,6,1,8,30
JOBS,2001.0,5.0,12.0,2001,6,1,8,30
U,2001.0,6.0,12.0,2001,7,6,8,30
JOBS,2001.0,6.0,12.0,2001,7,6,8,30
U,2001.0,7.0,12.0,2001,8,3,8,30
JOBS,2001.0,7.0,12.0,2001,8,3,8,30
U,2001.0,8.0,12.0,2001,9,7,8,30
JOBS,2001.0,8.0,12.0,2001,9,7,8,30
U,2001.0,9.0,12.0,2001,10,5,8,30
JOBS,2001.0,9.0,12.0,2001,10,5,8,30
U,2001.0,10.0,12.0,2001,11,2,8,30
JOBS,2001.0,10.0,12.0,2001,11,2,8,30
U,2001.0,11.0,12.0,2001,12,7,8,30
JOBS,2001.0,11.0,12.0,2001,12,7,8,30
U,2001.0,12.0,12.0,2002,1,4,8,30
JOBS,2001.0,12.0,12.0,2002,1,4,8,30
U,2002.0,1.0,12.0,2002,2,1,8,30
JOBS,2002.0,1.0,12.0,2002,2,1,8,30
U,2002.0,2.0,12.0,2002,3,8,8,30
JOBS,2002.0,2.0,12.0,2002,3,8,8,30
U,2002.0,3.0,12.0,2002,4,5,8,30
JOBS,2002.0,3.0,12.0,2002,4,5,8,30
U,2002.0,4.0,12.0,2002,5,3,8,30
JOBS,2002.0,4.0,12.0,2002,5,3,8,30
U,2002.0,5.0,12.0,2002,6,7,8,30
JOBS,2002.0,5.0,12.0,2002,6,7,8,30
U,2002.0,6.0,12.0,2002,7,5,8,30
JOBS,2002.0,6.0,12.0,2002,7,5,8,30
U,2002.0,7.0,12.0,2002,8,2,8,30
JOBS,2002.0,7.0,12.0,2002,8,2,8,30
U,2002.0,8.0,12.0,2002,9,6,8,30
JOBS,2002.0,8.0,12.0,2002,9,6,8,30
U,2002.0,9.0,12.0,2002,10,4,8,30
JOBS,2002.0,9.0,12.0,2002,10,4,8,30
U,2002.0,10.0,12.0,2002,11,1,8,30
JOBS,2002.0,10.0,12.0,2002,11,1,8,30
U,2002.0,11.0,12.0,2002,12,6,8,30
JOBS,2002.0,11.0,12.0,2002,12,6,8,30
U,2002.0,12.0,12.0,2003,1,10,8,30
JOBS,2002.0,12.0,12.0,2003,1,10,8,30
U,2003.0,1.0,12.0,2003,2,7,8,30
JOBS,2003.0,1.0,12.0,2003,2,7,8,30
U,2003.0,2.0,12.0,2003,3,7,8,30
JOBS,2003.0,2.0,12.0,2003,3,7,8,30
U,2003.0,3.0,12.0,2003,4,4,8,30
JOBS,2003.0,3.0,12.0,2003,4,4,8,30
U,2003.0,4.0,12.0,2003,5,2,8,30
JOBS,2003.0,4.0,12.0,2003,5,2,8,30
U,2003.0,5.0,12.0,2003,6,6,8,30
JOBS,2003.0,5.0,12.0,2003,6,6,8,30
U,2003.0,6.0,12.0,2003,7,3,8,30
JOBS,2003.0,6.0,12.0,2003,7,3,8,30
U,2003.0,7.0,12.0,2003,8,1,8,30
JOBS,2003.0,7.0,12.0,2003,8,1,8,30
U,2003.0,8.0,12.0,2003,9,5,8,30
JOBS,2003.0,8.0,12.0,2003,9,5,8,30
U,2003.0,9.0,12.0,2003,10,3,8,30
JOBS,2003.0,9.0,12.0,2003,10,3,8,30
U,2003.0,10.0,12.0,2003,11,7,8,30
JOBS,2003.0,10.0,12.0,2003,11,7,8,30
U,2003.0,11.0,12.0,2003,12,5,8,30
JOBS,2003.0,11.0,12.0,2003,12,5,8,30
U,2003.0,12.0,12.0,2004,1,9,8,30
JOBS,2003.0,12.0,12.0,2004,1,9,8,30
U,2004.0,1.0,12.0,2004,2,6,8,30
JOBS,2004.0,1.0,12.0,2004,2,6,8,30
U,2004.0,2.0,12.0,2004,3,5,8,30
JOBS,2004.0,2.0,12.0,2004,3,5,8,30
U,2004.0,3.0,12.0,2004,4,2,8,30
JOBS,2004.0,3.0,12.0,2004,4,2,8,30
U,2004.0,4.0,12.0,2004,5,7,8,30
JOBS,2004.0,4.0,12.0,2004,5,7,8,30
U,2004.0,5.0,12.0,2004,6,4,8,30
JOBS,2004.0,5.0,12.0,2004,6,4,8,30
U,2004.0,6.0,12.0,2004,7,2,8,30
JOBS,2004.0,6.0,12.0,2004,7,2,8,30
U,2004.0,7.0,12.0,2004,8,6,8,30
JOBS,2004.0,7.0,12.0,2004,8,6,8,30
U,2004.0,8.0,12.0,2004,9,3,8,30
JOBS,2004.0,8.0,12.0,2004,9,3,8,30
U,2004.0,9.0,12.0,2004,10,8,8,30
JOBS,2004.0,9.0,12.0,2004,10,8,8,30
U,2004.0,10.0,12.0,2004,11,5,8,30
JOBS,2004.0,10.0,12.0,2004,11,5,8,30
U,2004.0,11.0,12.0,2004,12,3,8,30
JOBS,2004.0,11.0,12.0,2004,12,3,8,30
U,2004.0,12.0,12.0,2005,1,7,8,30
JOBS,2004.0,12.0,12.0,2005,1,7,8,30
U,2005.0,1.0,12.0,2005,2,4,8,30
JOBS,2005.0,1.0,12.0,2005,2,4,8,30
U,2005.0,2.0,12.0,2005,3,4,8,30
JOBS,2005.0,2.0,12.0,2005,3,4,8,30
U,2005.0,3.0,12.0,2005,4,1,8,30
JOBS,2005.0,3.0,12.0,2005,4,1,8,30
U,2005.0,4.0,12.0,2005,5,6,8,30
JOBS,2005.0,4.0,12.0,2005,5,6,8,30
U,2005.0,5.0,12.0,2005,6,3,8,30
JOBS,2005.0,5.0,12.0,2005,6,3,8,30
U,2005.0,6.0,12.0,2005,7,8,8,30
JOBS,2005.0,6.0,12.0,2005,7,8,8,30
U,2005.0,7.0,12.0,2005,8,5,8,30
JOBS,2005.0,7.0,12.0,2005,8,5,8,30
JOBS,2005.0,8.0,12.0,2005,9,2,8,30
U,2005.0,8.0,12.0,2005,9,2,8,30
JOBS,2005.0,9.0,12.0,2005,10,7,8,30
U,2005.0,9.0,12.0,2005,10,7,8,30
JOBS,2005.0,10.0,12.0,2005,11,4,8,30
U,2005.0,10.0,12.0,2005,11,4,8,30
JOBS,2005.0,11.0,12.0,2005,12,2,8,30
U,2005.0,11.0,12.0,2005,12,2,8,30
JOBS,2005.0,12.0,12.0,2006,1,6,8,30
U,2005.0,12.0,12.0,2006,1,6,8,30
JOBS,2006.0,1.0,12.0,2006,2,3,8,30
U,2006.0,1.0,12.0,2006,2,3,8,30
JOBS,2006.0,2.0,12.0,2006,3,10,8,30
U,2006.0,2.0,12.0,2006,3,10,8,30
JOBS,2006.0,3.0,12.0,2006,4,7,8,30
U,2006.0,3.0,12.0,2006,4,7,8,30
JOBS,2006.0,4.0,12.0,2006,5,5,8,30
U,2006.0,4.0,12.0,2006,5,5,8,30
JOBS,2006.0,5.0,12.0,2006,6,2,8,30
U,2006.0,5.0,12.0,2006,6,2,8,30
JOBS,2006.0,6.0,12.0,2006,7,7,8,30
U,2006.0,6.0,12.0,2006,7,7,8,30
JOBS,2006.0,7.0,12.0,2006,8,4,8,30
U,2006.0,7.0,12.0,2006,8,4,8,30
JOBS,2006.0,8.0,12.0,2006,9,1,8,30
U,2006.0,8.0,12.0,2006,9,1,8,30
JOBS,2006.0,9.0,12.0,2006,10,6,8,30
U,2006.0,9.0,12.0,2006,10,6,8,30
JOBS,2006.0,10.0,12.0,2006,11,3,8,30
U,2006.0,10.0,12.0,2006,11,3,8,30
JOBS,2006.0,11.0,12.0,2006,12,8,8,30
U,2006.0,11.0,12.0,2006,12,8,8,30
JOBS,2006.0,12.0,12.0,2007,1,5,8,30
U,2006.0,12.0,12.0,2007,1,5,8,30
JOBS,2007.0,1.0,12.0,2007,2,2,8,30
U,2007.0,1.0,12.0,2007,2,2,8,30
JOBS,2007.0,2.0,12.0,2007,3,9,8,30
U,2007.0,2.0,12.0,2007,3,9,8,30
JOBS,2007.0,3.0,12.0,2007,4,6,8,30
U,2007.0,3.0,12.0,2007,4,6,8,30
JOBS,2007.0,4.0,12.0,2007,5,4,8,30
U,2007.0,4.0,12.0,2007,5,4,8,30
JOBS,2007.0,5.0,12.0,2007,6,1,8,30
U,2007.0,5.0,12.0,2007,6,1,8,30
JOBS,2007.0,6.0,12.0,2007,7,6,8,30
U,2007.0,6.0,12.0,2007,7,6,8,30
JOBS,2007.0,7.0,12.0,2007,8,3,8,30
U,2007.0,7.0,12.0,2007,8,3,8,30
JOBS,2007.0,8.0,12.0,2007,9,7,8,30
U,2007.0,8.0,12.0,2007,9,7,8,30
JOBS,2007.0,9.0,12.0,2007,10,5,8,30
U,2007.0,9.0,12.0,2007,10,5,8,30
JOBS,2007.0,10.0,12.0,2007,11,2,8,30
U,2007.0,10.0,12.0,2007,11,2,8,30
JOBS,2007.0,11.0,12.0,2007,12,7,8,30
U,2007.0,11.0,12.0,2007,12,7,8,30
JOBS,2007.0,12.0,12.0,2008,1,4,8,30
U,2007.0,12.0,12.0,2008,1,4,8,30
JOBS,2008.0,1.0,12.0,2008,2,1,8,30
U,2008.0,1.0,12.0,2008,2,1,8,30
JOBS,2008.0,2.0,12.0,2008,3,7,8,30
U,2008.0,2.0,12.0,2008,3,7,8,30
JOBS,2008.0,3.0,12.0,2008,4,4,8,30
U,2008.0,3.0,12.0,2008,4,4,8,30
JOBS,2008.0,4.0,12.0,2008,5,2,8,30
U,2008.0,4.0,12.0,2008,5,2,8,30
JOBS,2008.0,5.0,12.0,2008,6,6,8,30
U,2008.0,5.0,12.0,2008,6,6,8,30
JOBS,2008.0,6.0,12.0,2008,7,3,8,30
U,2008.0,6.0,12.0,2008,7,3,8,30
JOBS,2008.0,7.0,12.0,2008,8,1,8,30
U,2008.0,7.0,12.0,2008,8,1,8,30
JOBS,2008.0,8.0,12.0,2008,9,5,8,30
U,2008.0,8.0,12.0,2008,9,5,8,30
JOBS,2008.0,9.0,12.0,2008,10,3,8,30
U,2008.0,9.0,12.0,2008,10,3,8,30
JOBS,2008.0,10.0,12.0,2008,11,7,8,30
U,2008.0,10.0,12.0,2008,11,7,8,30
JOBS,2008.0,11.0,12.0,2008,12,5,8,30
U,2008.0,11.0,12.0,2008,12,5,8,30
JOBS,2008.0,12.0,12.0,2009,1,9,8,30
U,2008.0,12.0,12.0,2009,1,9,8,30
JOBS,2009.0,1.0,12.0,2009,2,6,8,30
U,2009.0,1.0,12.0,2009,2,6,8,30
JOBS,2009.0,2.0,12.0,2009,3,6,8,30
U,2009.0,2.0,12.0,2009,3,6,8,30
JOBS,2009.0,3.0,12.0,2009,4,3,8,30
U,2009.0,3.0,12.0,2009,4,3,8,30
JOBS,2009.0,4.0,12.0,2009,5,8,8,30
U,2009.0,4.0,12.0,2009,5,8,8,30
JOBS,2009.0,5.0,12.0,2009,6,5,8,30
U,2009.0,5.0,12.0,2009,6,5,8,30
JOBS,2009.0,6.0,12.0,2009,7,2,8,30
U,2009.0,6.0,12.0,2009,7,2,8,30
JOBS,2009.0,7.0,12.0,2009,8,7,8,30
U,2009.0,7.0,12.0,2009,8,7,8,30
JOBS,2009.0,8.0,12.0,2009,9,4,8,30
U,2009.0,8.0,12.0,2009,9,4,8,30
JOBS,2009.0,9.0,12.0,2009,10,2,8,30
U,2009.0,9.0,12.0,2009,10,2,8,30
JOBS,2009.0,10.0,12.0,2009,11,6,8,30
U,2009.0,10.0,12.0,2009,11,6,8,30
JOBS,2009.0,11.0,12.0,2009,12,4,8,30
U,2009.0,11.0,12.0,2009,12,4,8,30
JOBS,2009.0,12.0,12.0,2010,1,8,8,30
U,2009.0,12.0,12.0,2010,1,8,8,30
JOBS,2010.0,1.0,12.0,2010,2,5,8,30
U,2010.0,1.0,12.0,2010,2,5,8,30
JOBS,2010.0,2.0,12.0,2010,3,5,8,30
U,2010.0,2.0,12.0,2010,3,5,8,30
JOBS,2010.0,3.0,12.0,2010,4,2,8,30
U,2010.0,3.0,12.0,2010,4,2,8,30
U,2010.0,4.0,12.0,2010,5,7,8,30
JOBS,2010.0,4.0,12.0,2010,5,7,8,30
JOBS,2010.0,5.0,12.0,2010,6,4,8,30
U,2010.0,5.0,12.0,2010,6,4,8,30
U,2010.0,6.0,12.0,2010,7,2,8,30
JOBS,2010.0,6.0,12.0,2010,7,2,8,30
JOBS,2010.0,7.0,12.0,2010,8,6,8,30
U,2010.0,7.0,12.0,2010,8,6,8,30
JOBS,2010.0,8.0,12.0,2010,9,3,8,30
U,2010.0,8.0,12.0,2010,9,3,8,30
JOBS,2010.0,9.0,12.0,2010,10,8,8,30
U,2010.0,9.0,12.0,2010,10,8,8,30
JOBS,2010.0,10.0,12.0,2010,11,5,8,30
U,2010.0,10.0,12.0,2010,11,5,8,30
JOBS,2010.0,11.0,12.0,2010,12,3,8,30
U,2010.0,11.0,12.0,2010,12,3,8,30
JOBS,2010.0,12.0,12.0,2011,1,7,8,30
U,2010.0,12.0,12.0,2011,1,7,8,30
JOBS,2011.0,1.0,12.0,2011,2,4,8,30
U,2011.0,1.0,12.0,2011,2,4,8,30
JOBS,2011.0,2.0,12.0,2011,3,4,8,30
U,2011.0,2.0,12.0,2011,3,4,8,30
JOBS,2011.0,3.0,12.0,2011,4,1,8,30
U,2011.0,3.0,12.0,2011,4,1,8,30
JOBS,2011.0,4.0,12.0,2011,5,6,8,30
U,2011.0,4.0,12.0,2011,5,6,8,30
JOBS,2011.0,5.0,12.0,2011,6,3,8,30
U,2011.0,5.0,12.0,2011,6,3,8,30
JOBS,2011.0,6.0,12.0,2011,7,8,8,30
U,2011.0,6.0,12.0,2011,7,8,8,30
JOBS,2011.0,7.0,12.0,2011,8,5,8,30
U,2011.0,7.0,12.0,2011,8,5,8,30
JOBS,2011.0,8.0,12.0,2011,9,2,8,30
U,2011.0,8.0,12.0,2011,9,2,8,30
JOBS,2011.0,9.0,12.0,2011,10,7,8,30
U,2011.0,9.0,12.0,2011,10,7,8,30
JOBS,2011.0,10.0,12.0,2011,11,4,8,30
U,2011.0,10.0,12.0,2011,11,4,8,30
JOBS,2011.0,11.0,12.0,2011,12,2,8,30
U,2011.0,11.0,12.0,2011,12,2,8,30
JOBS,2011.0,12.0,12.0,2012,1,6,8,30
U,2011.0,12.0,12.0,2012,1,6,8,30
JOBS,2012.0,1.0,12.0,2012,2,3,8,30
U,2012.0,1.0,12.0,2012,2,3,8,30
JOBS,2012.0,2.0,12.0,2012,3,9,8,30
U,2012.0,2.0,12.0,2012,3,9,8,30
JOBS,2012.0,3.0,12.0,2012,4,6,8,30
U,2012.0,3.0,12.0,2012,4,6,8,30
JOBS,2012.0,4.0,12.0,2012,5,4,8,30
U,2012.0,4.0,12.0,2012,5,4,8,30
JOBS,2012.0,5.0,12.0,2012,6,1,8,30
U,2012.0,5.0,12.0,2012,6,1,8,30
JOBS,2012.0,6.0,12.0,2012,7,6,8,30
U,2012.0,6.0,12.0,2012,7,6,8,30
JOBS,2012.0,7.0,12.0,2012,8,3,8,30
U,2012.0,7.0,12.0,2012,8,3,8,30
JOBS,2012.0,8.0,12.0,2012,9,7,8,30
U,2012.0,8.0,12.0,2012,9,7,8,30
JOBS,2012.0,9.0,12.0,2012,10,5,8,30
U,2012.0,9.0,12.0,2012,10,5,8,30
JOBS,2012.0,10.0,12.0,2012,11,2,8,30
U,2012.0,10.0,12.0,2012,11,2,8,30
JOBS,2012.0,11.0,12.0,2012,12,7,8,30
U,2012.0,11.0,12.0,2012,12,7,8,30
JOBS,2012.0,12.0,12.0,2013,1,4,8,30
U,2012.0,12.0,12.0,2013,1,4,8,30
JOBS,2013.0,1.0,12.0,2013,2,1,8,30
U,2013.0,1.0,12.0,2013,2,1,8,30
JOBS,2013.0,2.0,12.0,2013,3,8,8,30
U,2013.0,2.0,12.0,2013,3,8,8,30
JOBS,2013.0,3.0,12.0,2013,4,5,8,30
U,2013.0,3.0,12.0,2013,4,5,8,30
JOBS,2013.0,4.0,12.0,2013,5,3,8,30
U,2013.0,4.0,12.0,2013,5,3,8,30
JOBS,2013.0,5.0,12.0,2013,6,7,8,30
U,2013.0,5.0,12.0,2013,6,7,8,30
JOBS,2013.0,6.0,12.0,2013,7,5,8,30
U,2013.0,6.0,12.0,2013,7,5,8,30
JOBS,2013.0,7.0,12.0,2013,8,2,8,30
U,2013.0,7.0,12.0,2013,8,2,8,30
JOBS,2013.0,8.0,12.0,2013,9,6,8,30
U,2013.0,8.0,12.0,2013,9,6,8,30
JOBS,2013.0,9.0,12.0,2013,10,22,8,30
U,2013.0,9.0,12.0,2013,10,22,8,30
JOBS,2013.0,10.0,12.0,2013,11,8,8,30
U,2013.0,10.0,12.0,2013,11,8,8,30
JOBS,2013.0,11.0,12.0,2013,12,6,8,30
U,2013.0,11.0,12.0,2013,12,6,8,30
JOBS,2013.0,12.0,12.0,2014,1,10,8,30
U,2013.0,12.0,12.0,2014,1,10,8,30
JOBS,2014.0,1.0,12.0,2014,2,7,8,30
U,2014.0,1.0,12.0,2014,2,7,8,30
JOBS,2014.0,2.0,12.0,2014,3,7,8,30
U,2014.0,2.0,12.0,2014,3,7,8,30
JOBS,2014.0,3.0,12.0,2014,4,4,8,30
U,2014.0,3.0,12.0,2014,4,4,8,30
JOBS,2014.0,4.0,12.0,2014,5,2,8,30
U,2014.0,4.0,12.0,2014,5,2,8,30
JOBS,2014.0,5.0,12.0,2014,6,6,8,30
U,2014.0,5.0,12.0,2014,6,6,8,30
JOBS,2014.0,6.0,12.0,2014,7,3,8,30
U,2014.0,6.0,12.0,2014,7,3,8,30
JOBS,2014.0,7.0,12.0,2014,8,1,8,30
U,2014.0,7.0,12.0,2014,8,1,8,30
JOBS,2014.0,8.0,12.0,2014,9,5,8,30
U,2014.0,8.0,12.0,2014,9,5,8,30
JOBS,2014.0,9.0,12.0,2014,10,3,8,30
U,2014.0,9.0,12.0,2014,10,3,8,30
JOBS,2014.0,10.0,12.0,2014,11,7,8,30
U,2014.0,10.0,12.0,2014,11,7,8,30
JOBS,2014.0,11.0,12.0,2014,12,5,8,30
U,2014.0,11.0,12.0,2014,12,5,8,30
JOBS,2014.0,12.0,12.0,2015,1,9,8,30
U,2014.0,12.0,12.0,2015,1,9,8,30
JOBS,2015.0,1.0,12.0,2015,2,6,8,30
U,2015.0,1.0,12.0,2015,2,6,8,30
JOBS,2015.0,2.0,12.0,2015,3,6,8,30
U,2015.0,2.0,12.0,2015,3,6,8,30
JOBS,2015.0,3.0,12.0,2015,4,3,8,30
U,2015.0,3.0,12.0,2015,4,3,8,30
JOBS,2015.0,4.0,12.0,2015,5,8,8,30
U,2015.0,4.0,12.0,2015,5,8,8,30
JOBS,2015.0,5.0,12.0,2015,6,5,8,30
U,2015.0,5.0,12.0,2015,6,5,8,30
JOBS,2015.0,6.0,12.0,2015,7,2,8,30
U,2015.0,6.0,12.0,2015,7,2,8,30
JOBS,2015.0,7.0,12.0,2015,8,7,8,30
U,2015.0,7.0,12.0,2015,8,7,8,30
JOBS,2015.0,8.0,12.0,2015,9,4,8,30
U,2015.0,8.0,12.0,2015,9,4,8,30
JOBS,2015.0,9.0,12.0,2015,10,2,8,30
U,2015.0,9.0,12.0,2015,10,2,8,30
JOBS,2015.0,10.0,12.0,2015,11,6,8,30
U,2015.0,10.0,12.0,2015,11,6,8,30
JOBS,2015.0,11.0,12.0,2015,12,4,8,30
U,2015.0,11.0,12.0,2015,12,4,8,30
JOBS,2015.0,12.0,12.0,2016,1,8,8,30
U,2015.0,12.0,12.0,2016,1,8,8,30
JOBS,2016.0,1.0,12.0,2016,2,5,8,30
U,2016.0,1.0,12.0,2016,2,5,8,30
JOBS,2016.0,2.0,12.0,2016,3,4,8,30
U,2016.0,2.0,12.0,2016,3,4,8,30
JOBS,2016.0,3.0,12.0,2016,4,1,8,30
U,2016.0,3.0,12.0,2016,4,1,8,30
JOBS,2016.0,4.0,12.0,2016,5,6,8,30
U,2016.0,4.0,12.0,2016,5,6,8,30
JOBS,2016.0,5.0,12.0,2016,6,3,8,30
U,2016.0,5.0,12.0,2016,6,3,8,30
JOBS,2016.0,6.0,12.0,2016,7,8,8,30
U,2016.0,6.0,12.0,2016,7,8,8,30
JOBS,2016.0,7.0,12.0,2016,8,5,8,30
U,2016.0,7.0,12.0,2016,8,5,8,30
JOBS,2016.0,8.0,12.0,2016,9,2,8,30
U,2016.0,8.0,12.0,2016,9,2,8,30
JOBS,2016.0,9.0,12.0,2016,10,7,8,30
U,2016.0,9.0,12.0,2016,10,7,8,30
JOBS,2016.0,10.0,12.0,2016,11,4,8,30
U,2016.0,10.0,12.0,2016,11,4,8,30
JOBS,2016.0,11.0,12.0,2016,12,2,8,30
U,2016.0,11.0,12.0,2016,12,2,8,30
JOBS,2016.0,12.0,12.0,2017,1,6,8,30
U,2016.0,12.0,12.0,2017,1,6,8,30
JOBS,2017.0,1.0,12.0,2017,2,3,8,30
U,2017.0,1.0,12.0,2017,2,3,8,30
JOBS,2017.0,2.0,12.0,2017,3,10,8,30
U,2017.0,2.0,12.0,2017,3,10,8,30
JOBS,2017.0,3.0,12.0,2017,4,7,8,30
U,2017.0,3.0,12.0,2017,4,7,8,30
JOBS,2017.0,4.0,12.0,2017,5,5,8,30
U,2017.0,4.0,12.0,2017,5,5,8,30
JOBS,2017.0,5.0,12.0,2017,6,2,8,30
U,2017.0,5.0,12.0,2017,6,2,8,30
JOBS,2017.0,6.0,12.0,2017,7,7,8,30
U,2017.0,6.0,12.0,2017,7,7,8,30
JOBS,2017.0,7.0,12.0,2017,8,4,8,30
U,2017.0,7.0,12.0,2017,8,4,8,30
JOBS,2017.0,8.0,12.0,2017,9,1,8,30
U,2017.0,8.0,12.0,2017,9,1,8,30
JOBS,2017.0,9.0,12.0,2017,10,6,8,30
U,2017.0,9.0,12.0,2017,10,6,8,30
JOBS,2017.0,10.0,12.0,2017,11,3,8,30
U,2017.0,10.0,12.0,2017,11,3,8,30
JOBS,2017.0,11.0,12.0,2017,12,8,8,30
U,2017.0,11.0,12.0,2017,12,8,8,30
JOBS,2017.0,12.0,12.0,2018,1,5,8,30
U,2017.0,12.0,12.0,2018,1,5,8,30
JOBS,2018.0,1.0,12.0,2018,2,2,8,30
U,2018.0,1.0,12.0,2018,2,2,8,30
JOBS,2018.0,2.0,12.0,2018,3,9,8,30
U,2018.0,2.0,12.0,2018,3,9,8,30
JOBS,2018.0,3.0,12.0,2018,4,6,8,30
U,2018.0,3.0,12.0,2018,4,6,8,30
JOBS,2018.0,4.0,12.0,2018,5,4,8,30
U,2018.0,4.0,12.0,2018,5,4,8,30
JOBS,2018.0,5.0,12.0,2018,6,1,8,30
U,2018.0,5.0,12.0,2018,6,1,8,30
JOBS,2018.0,6.0,12.0,2018,7,6,8,30
U,2018.0,6.0,12.0,2018,7,6,8,30
JOBS,2018.0,7.0,12.0,2018,8,3,8,30
U,2018.0,7.0,12.0,2018,8,3,8,30
JOBS,2018.0,8.0,12.0,2018,9,7,8,30
U,2018.0,8.0,12.0,2018,9,7,8,30
JOBS,2018.0,9.0,12.0,2018,10,5,8,30
U,2018.0,9.0,12.0,2018,10,5,8,30
JOBS,2018.0,10.0,12.0,2018,11,2,8,30
U,2018.0,10.0,12.0,2018,11,2,8,30
JOBS,2018.0,11.0,12.0,2018,12,7,8,30
U,2018.0,11.0,12.0,2018,12,7,8,30
JOBS,2018.0,12.0,12.0,2019,1,4,8,30
U,2018.0,12.0,12.0,2019,1,4,8,30
JOBS,2019.0,1.0,12.0,2019,2,1,8,30
U,2019.0,1.0,12.0,2019,2,1,8,30
JOBS,2019.0,2.0,12.0,2019,3,8,8,30
U,2019.0,2.0,12.0,2019,3,8,8,30
JOBS,2019.0,3.0,12.0,2019,4,5,8,30
U,2019.0,3.0,12.0,2019,4,5,8,30
JOBS,2019.0,4.0,12.0,2019,5,3,8,30
U,2019.0,4.0,12.0,2019,5,3,8,30
JOBS,2019.0,5.0,12.0,2019,6,7,8,30
U,2019.0,5.0,12.0,2019,6,7,8,30
JOBS,2019.0,6.0,12.0,2019,7,5,8,30
U,2019.0,6.0,12.0,2019,7,5,8,30
JOBS,2019.0,7.0,12.0,2019,8,2,8,30
U,2019.0,7.0,12.0,2019,8,2,8,30
JOBS,2019.0,8.0,12.0,2019,9,6,8,30
U,2019.0,8.0,12.0,2019,9,6,8,30
JOBS,2019.0,9.0,12.0,2019,10,4,8,30
U,2019.0,9.0,12.0,2019,10,4,8,30
JOBS,2019.0,10.0,12.0,2019,11,1,8,30
U,2019.0,10.0,12.0,2019,11,1,8,30
GDP,1996.0,3.0,4.0,1996,11,27,8,30
GDP,1997.0,4.0,4.0,1997,3,26,8,30
GDP,1997.0,1.0,4.0,1997,4,30,8,30
GDP,1997.0,1.0,4.0,1997,5,28,8,30
GDP,1997.0,1.0,4.0,1997,6,25,8,30
GDP,1997.0,2.0,4.0,1997,7,31,8,30
GDP,1997.0,2.0,4.0,1997,8,27,8,30
GDP,1997.0,2.0,4.0,1997,9,24,8,30
GDP,1997.0,3.0,4.0,1997,10,30,8,30
GDP,1997.0,3.0,4.0,1997,11,26,8,30
GDP,1997.0,3.0,4.0,1997,12,23,8,30
GDP,1998.0,4.0,4.0,1998,1,30,8,30
GDP,1998.0,4.0,4.0,1998,2,27,8,30
GDP,1998.0,4.0,4.0,1998,3,26,8,30
GDP,1998.0,1.0,4.0,1998,4,30,8,30
GDP,1998.0,1.0,4.0,1998,5,28,8,30
GDP,1998.0,1.0,4.0,1998,6,25,8,30
GDP,1998.0,2.0,4.0,1998,7,31,8,30
GDP,1998.0,2.0,4.0,1998,8,27,8,30
GDP,1998.0,2.0,4.0,1998,9,24,8,30
GDP,1998.0,3.0,4.0,1998,10,30,8,30
GDP,1998.0,3.0,4.0,1998,11,24,8,30
GDP,1998.0,3.0,4.0,1998,12,23,8,30
GDP,1999.0,4.0,4.0,1999,1,29,8,30
GDP,1999.0,4.0,4.0,1999,2,26,8,30
GDP,1999.0,4.0,4.0,1999,3,31,8,30
GDP,1999.0,1.0,4.0,1999,4,30,8,30
GDP,1999.0,1.0,4.0,1999,5,27,8,30
GDP,1999.0,1.0,4.0,1999,6,25,8,30
GDP,1999.0,2.0,4.0,1999,7,29,8,30
GDP,1999.0,2.0,4.0,1999,8,26,8,30
GDP,1999.0,2.0,4.0,1999,9,30,8,30
GDP,1999.0,3.0,4.0,1999,10,28,8,30
GDP,1999.0,3.0,4.0,1999,11,24,8,30
GDP,1999.0,3.0,4.0,1999,12,22,8,30
GDP,2000.0,4.0,4.0,2000,1,28,8,30
GDP,2000.0,4.0,4.0,2000,2,25,8,30
GDP,2000.0,4.0,4.0,2000,3,30,8,30
GDP,2000.0,1.0,4.0,2000,4,27,8,30
GDP,2000.0,1.0,4.0,2000,5,25,8,30
GDP,2000.0,1.0,4.0,2000,6,29,8,30
GDP,2000.0,2.0,4.0,2000,7,28,8,30
GDP,2000.0,2.0,4.0,2000,8,25,8,30
GDP,2000.0,2.0,4.0,2000,9,28,8,30
GDP,2000.0,3.0,4.0,2000,10,27,8,30
GDP,2000.0,3.0,4.0,2000,11,29,8,30
GDP,2000.0,3.0,4.0,2000,12,21,8,30
GDP,2001.0,4.0,4.0,2001,1,31,8,30
GDP,2001.0,4.0,4.0,2001,2,28,8,30
GDP,2001.0,4.0,4.0,2001,3,29,8,30
GDP,2001.0,1.0,4.0,2001,4,27,8,30
GDP,2001.0,1.0,4.0,2001,5,25,8,30
GDP,2001.0,1.0,4.0,2001,6,29,8,30
GDP,2001.0,2.0,4.0,2001,7,27,8,30
GDP,2001.0,2.0,4.0,2001,8,29,8,30
GDP,2001.0,2.0,4.0,2001,9,28,8,30
GDP,2001.0,3.0,4.0,2001,10,31,8,30
GDP,2001.0,3.0,4.0,2001,11,30,8,30
GDP,2001.0,3.0,4.0,2001,12,21,8,30
GDP,2002.0,4.0,4.0,2002,1,30,8,30
GDP,2002.0,4.0,4.0,2002,2,28,8,30
GDP,2002.0,4.0,4.0,2002,3,28,8,30
GDP,2002.0,1.0,4.0,2002,4,26,8,30
GDP,2002.0,1.0,4.0,2002,5,24,8,30
GDP,2002.0,1.0,4.0,2002,6,27,8,30
GDP,2002.0,2.0,4.0,2002,7,31,8,30
GDP,2002.0,2.0,4.0,2002,8,29,8,30
GDP,2002.0,2.0,4.0,2002,9,27,8,30
GDP,2002.0,3.0,4.0,2002,10,31,8,30
GDP,2002.0,3.0,4.0,2002,11,26,8,30
GDP,2002.0,3.0,4.0,2002,12,20,8,30
GDP,2003.0,4.0,4.0,2003,1,30,8,30
GDP,2003.0,4.0,4.0,2003,2,28,8,30
GDP,2003.0,4.0,4.0,2003,3,27,8,30
GDP,2003.0,1.0,4.0,2003,4,25,8,30
GDP,2003.0,1.0,4.0,2003,5,29,8,30
GDP,2003.0,1.0,4.0,2003,6,26,8,30
GDP,2003.0,2.0,4.0,2003,7,31,8,30
GDP,2003.0,2.0,4.0,2003,8,28,8,30
GDP,2003.0,2.0,4.0,2003,9,26,8,30
GDP,2003.0,3.0,4.0,2003,10,30,8,30
GDP,2003.0,3.0,4.0,2003,11,25,8,30
GDP,2003.0,3.0,4.0,2003,12,23,8,30
GDP,2004.0,4.0,4.0,2004,1,30,8,30
GDP,2004.0,4.0,4.0,2004,2,27,8,30
GDP,2004.0,4.0,4.0,2004,3,25,8,30
GDP,2004.0,1.0,4.0,2004,4,29,8,30
GDP,2004.0,1.0,4.0,2004,5,27,8,30
GDP,2004.0,1.0,4.0,2004,6,25,8,30
GDP,2004.0,2.0,4.0,2004,7,30,8,30
GDP,2004.0,2.0,4.0,2004,8,27,8,30
GDP,2004.0,2.0,4.0,2004,9,29,8,30
GDP,2004.0,3.0,4.0,2004,10,29,8,30
GDP,2004.0,3.0,4.0,2004,11,30,8,30
GDP,2004.0,3.0,4.0,2004,12,22,8,30
GDP,2005.0,4.0,4.0,2005,1,28,8,30
GDP,2005.0,4.0,4.0,2005,2,25,8,30
GDP,2005.0,4.0,4.0,2005,3,30,8,30
GDP,2005.0,1.0,4.0,2005,4,28,8,30
GDP,2005.0,1.0,4.0,2005,5,26,8,30
GDP,2005.0,1.0,4.0,2005,6,29,8,30
GDP,2005.0,2.0,4.0,2005,7,29,8,30
GDP,2005.0,2.0,4.0,2005,8,31,8,30
GDP,2005.0,2.0,4.0,2005,9,29,8,30
GDP,2005.0,3.0,4.0,2005,10,28,8,30
GDP,2005.0,3.0,4.0,2005,11,30,8,30
GDP,2005.0,3.0,4.0,2005,12,21,8,30
GDP,2006.0,4.0,4.0,2006,1,27,8,30
GDP,2006.0,4.0,4.0,2006,2,28,8,30
GDP,2006.0,4.0,4.0,2006,3,30,8,30
GDP,2006.0,1.0,4.0,2006,4,28,8,30
GDP,2006.0,1.0,4.0,2006,5,25,8,30
GDP,2006.0,1.0,4.0,2006,6,29,8,30
GDP,2006.0,2.0,4.0,2006,7,28,8,30
GDP,2006.0,2.0,4.0,2006,8,30,8,30
GDP,2006.0,2.0,4.0,2006,9,28,8,30
GDP,2006.0,3.0,4.0,2006,10,27,8,30
GDP,2006.0,3.0,4.0,2006,11,29,8,30
GDP,2006.0,3.0,4.0,2006,12,21,8,30
GDP,2007.0,4.0,4.0,2007,1,31,8,30
GDP,2007.0,4.0,4.0,2007,2,28,8,30
GDP,2007.0,4.0,4.0,2007,3,29,8,30
GDP,2007.0,1.0,4.0,2007,4,27,8,30
GDP,2007.0,1.0,4.0,2007,5,31,8,30
GDP,2007.0,1.0,4.0,2007,6,28,8,30
GDP,2007.0,2.0,4.0,2007,7,27,8,30
GDP,2007.0,2.0,4.0,2007,8,30,8,30
GDP,2007.0,2.0,4.0,2007,9,27,8,30
GDP,2007.0,3.0,4.0,2007,10,31,8,30
GDP,2007.0,3.0,4.0,2007,11,29,8,30
GDP,2007.0,3.0,4.0,2007,12,20,8,30
GDP,2008.0,4.0,4.0,2008,1,30,8,30
GDP,2008.0,4.0,4.0,2008,2,28,8,30
GDP,2008.0,4.0,4.0,2008,3,27,8,30
GDP,2008.0,1.0,4.0,2008,4,30,8,30
GDP,2008.0,1.0,4.0,2008,5,29,8,30
GDP,2008.0,1.0,4.0,2008,6,26,8,30
GDP,2008.0,2.0,4.0,2008,7,31,8,30
GDP,2008.0,2.0,4.0,2008,8,28,8,30
GDP,2008.0,2.0,4.0,2008,9,26,8,30
GDP,2008.0,3.0,4.0,2008,10,30,8,30
GDP,2008.0,3.0,4.0,2008,11,25,8,30
GDP,2008.0,3.0,4.0,2008,12,23,8,30
GDP,2009.0,4.0,4.0,2009,1,30,8,30
GDP,2009.0,4.0,4.0,2009,2,27,8,30
GDP,2009.0,4.0,4.0,2009,3,26,8,30
GDP,2009.0,1.0,4.0,2009,4,29,8,30
GDP,2009.0,1.0,4.0,2009,5,29,8,30
GDP,2009.0,1.0,4.0,2009,6,25,8,30
GDP,2009.0,2.0,4.0,2009,7,31,8,30
GDP,2009.0,2.0,4.0,2009,8,27,8,30
GDP,2009.0,2.0,4.0,2009,9,30,8,30
GDP,2009.0,3.0,4.0,2009,10,29,8,30
GDP,2009.0,3.0,4.0,2009,11,24,8,30
GDP,2009.0,3.0,4.0,2009,12,22,8,30
GDP,2010.0,4.0,4.0,2010,1,29,8,30
GDP,2010.0,4.0,4.0,2010,2,26,8,30
GDP,2010.0,4.0,4.0,2010,3,26,8,30
GDP,2010.0,1.0,4.0,2010,4,30,8,30
GDP,2010.0,1.0,4.0,2010,5,27,8,30
GDP,2010.0,1.0,4.0,2010,6,25,8,30
GDP,2010.0,2.0,4.0,2010,7,30,8,30
GDP,2010.0,2.0,4.0,2010,8,27,8,30
GDP,2010.0,2.0,4.0,2010,9,30,8,30
GDP,2010.0,3.0,4.0,2010,10,29,8,30
GDP,2010.0,3.0,4.0,2010,11,23,8,30
GDP,2010.0,3.0,4.0,2010,12,22,8,30
GDP,2011.0,4.0,4.0,2011,1,28,8,30
GDP,2011.0,4.0,4.0,2011,2,25,8,30
GDP,2011.0,4.0,4.0,2011,3,25,8,30
GDP,2011.0,1.0,4.0,2011,4,28,8,30
GDP,2011.0,1.0,4.0,2011,5,26,8,30
GDP,2011.0,1.0,4.0,2011,6,24,8,30
GDP,2011.0,2.0,4.0,2011,7,29,8,30
GDP,2011.0,2.0,4.0,2011,8,26,8,30
GDP,2011.0,2.0,4.0,2011,9,29,8,30
GDP,2011.0,3.0,4.0,2011,10,27,8,30
GDP,2011.0,3.0,4.0,2011,11,22,8,30
GDP,2011.0,3.0,4.0,2011,12,22,8,30
GDP,2012.0,4.0,4.0,2012,1,27,8,30
GDP,2012.0,4.0,4.0,2012,2,29,8,30
GDP,2012.0,4.0,4.0,2012,3,29,8,30
GDP,2012.0,1.0,4.0,2012,4,27,8,30
GDP,2012.0,1.0,4.0,2012,5,31,8,30
GDP,2012.0,1.0,4.0,2012,6,28,8,30
GDP,2012.0,2.0,4.0,2012,7,27,8,30
GDP,2012.0,2.0,4.0,2012,8,29,8,30
GDP,2012.0,2.0,4.0,2012,9,27,8,30
GDP,2012.0,3.0,4.0,2012,10,26,8,30
GDP,2012.0,3.0,4.0,2012,11,29,8,30
GDP,2012.0,3.0,4.0,2012,12,20,8,30
GDP,2013.0,4.0,4.0,2013,1,30,8,30
GDP,2013.0,4.0,4.0,2013,2,28,8,30
GDP,2013.0,4.0,4.0,2013,3,28,8,30
GDP,2013.0,1.0,4.0,2013,4,26,8,30
GDP,2013.0,1.0,4.0,2013,5,30,8,30
GDP,2013.0,1.0,4.0,2013,6,26,8,30
GDP,2013.0,2.0,4.0,2013,7,31,8,30
GDP,2013.0,2.0,4.0,2013,8,29,8,30
GDP,2013.0,2.0,4.0,2013,9,26,8,30
GDP,2013.0,3.0,4.0,2013,11,7,8,30
GDP,2013.0,3.0,4.0,2013,12,5,8,30
GDP,2013.0,3.0,4.0,2013,12,20,8,30
GDP,2014.0,4.0,4.0,2014,1,30,8,30
GDP,2014.0,4.0,4.0,2014,2,28,8,30
GDP,2014.0,4.0,4.0,2014,3,27,8,30
GDP,2014.0,1.0,4.0,2014,4,30,8,30
GDP,2014.0,1.0,4.0,2014,5,29,8,30
GDP,2014.0,1.0,4.0,2014,6,25,8,30
GDP,2014.0,2.0,4.0,2014,7,30,8,30
GDP,2014.0,2.0,4.0,2014,8,28,8,30
GDP,2014.0,2.0,4.0,2014,9,26,8,30
GDP,2014.0,3.0,4.0,2014,10,30,8,30
GDP,2014.0,3.0,4.0,2014,11,25,8,30
GDP,2014.0,3.0,4.0,2014,12,23,8,30
GDP,2015.0,4.0,4.0,2015,1,30,8,30
GDP,2015.0,4.0,4.0,2015,2,27,8,30
GDP,2015.0,4.0,4.0,2015,3,27,8,30
GDP,2015.0,1.0,4.0,2015,4,29,8,30
GDP,2015.0,1.0,4.0,2015,5,29,8,30
GDP,2015.0,1.0,4.0,2015,6,24,8,30
GDP,2015.0,2.0,4.0,2015,7,30,8,30
GDP,2015.0,2.0,4.0,2015,8,27,8,30
GDP,2015.0,2.0,4.0,2015,9,25,8,30
GDP,2015.0,3.0,4.0,2015,10,29,8,30
GDP,2015.0,3.0,4.0,2015,11,24,8,30
GDP,2015.0,3.0,4.0,2015,12,22,8,30
GDP,2016.0,4.0,4.0,2016,1,29,8,30
GDP,2016.0,4.0,4.0,2016,2,26,8,30
GDP,2016.0,4.0,4.0,2016,3,25,8,30
GDP,2016.0,1.0,4.0,2016,4,28,8,30
GDP,2016.0,1.0,4.0,2016,5,27,8,30
GDP,2016.0,1.0,4.0,2016,6,28,8,30
GDP,2016.0,2.0,4.0,2016,7,29,8,30
GDP,2016.0,2.0,4.0,2016,8,26,8,30
GDP,2016.0,2.0,4.0,2016,9,29,8,30
GDP,2016.0,3.0,4.0,2016,10,28,8,30
GDP,2016.0,3.0,4.0,2016,11,29,8,30
GDP,2016.0,3.0,4.0,2016,12,22,8,30
GDP,2017.0,4.0,4.0,2017,1,27,8,30
GDP,2017.0,4.0,4.0,2017,2,28,8,30
GDP,2017.0,4.0,4.0,2017,3,30,8,30
GDP,2017.0,1.0,4.0,2017,4,28,8,30
GDP,2017.0,1.0,4.0,2017,5,26,8,30
GDP,2017.0,1.0,4.0,2017,6,29,8,30
GDP,2017.0,2.0,4.0,2017,7,28,8,30
GDP,2017.0,2.0,4.0,2017,8,30,8,30
GDP,2017.0,2.0,4.0,2017,9,28,8,30
GDP,2017.0,3.0,4.0,2017,10,27,8,30
GDP,2017.0,3.0,4.0,2017,11,29,8,30
GDP,2017.0,3.0,4.0,2017,12,21,8,30
GDP,2018.0,4.0,4.0,2018,1,26,8,30
GDP,2018.0,4.0,4.0,2018,2,28,8,30
GDP,2018.0,4.0,4.0,2018,3,28,8,30
GDP,2018.0,1.0,4.0,2018,4,27,8,30
GDP,2018.0,1.0,4.0,2018,5,30,8,30
GDP,2018.0,1.0,4.0,2018,6,28,8,30
GDP,2018.0,2.0,4.0,2018,7,27,8,30
GDP,2018.0,2.0,4.0,2018,8,29,8,30
GDP,2018.0,2.0,4.0,2018,9,27,8,30
GDP,2018.0,3.0,4.0,2018,10,26,8,30
GDP,2018.0,3.0,4.0,2018,11,28,8,30
GDP,2018.0,3.0,4.0,2018,12,21,8,30
GDP,2019.0,4.0,4.0,2019,2,28,8,30
GDP,2019.0,4.0,4.0,2019,3,28,8,30
GDP,2019.0,1.0,4.0,2019,4,26,8,30
GDP,2019.0,1.0,4.0,2019,5,30,8,30
GDP,2019.0,1.0,4.0,2019,6,27,8,30
GDP,2019.0,2.0,4.0,2019,7,26,8,30
GDP,2019.0,2.0,4.0,2019,8,29,8,30
GDP,2019.0,2.0,4.0,2019,9,26,8,30
GDP,2019.0,3.0,4.0,2019,10,30,8,30
CPI,1996.0,11.0,12.0,1996,12,12,8,30
CPIX,1996.0,12.0,12.0,1997,1,14,8,30
CPI,1996.0,12.0,12.0,1997,1,14,13,30
CPI,1996.0,12.0,12.0,1997,1,14,13,30
CPIX,1997.0,1.0,12.0,1997,2,19,8,30
CPI,1997.0,1.0,12.0,1997,2,19,13,30
CPIX,1997.0,2.0,12.0,1997,3,19,8,30
CPI,1997.0,2.0,12.0,1997,3,19,13,30
CPIX,1997.0,3.0,12.0,1997,4,15,8,30
CPI,1997.0,3.0,12.0,1997,4,15,13,30
CPIX,1997.0,4.0,12.0,1997,5,15,8,30
CPI,1997.0,4.0,12.0,1997,5,15,13,30
CPIX,1997.0,5.0,12.0,1997,6,17,8,30
CPI,1997.0,5.0,12.0,1997,6,17,13,30
CPIX,1997.0,6.0,12.0,1997,7,16,8,30
CPI,1997.0,6.0,12.0,1997,7,16,13,30
CPIX,1997.0,7.0,12.0,1997,8,14,8,30
CPI,1997.0,7.0,12.0,1997,8,14,13,30
CPIX,1997.0,8.0,12.0,1997,9,16,8,30
CPI,1997.0,8.0,12.0,1997,9,16,13,30
CPIX,1997.0,9.0,12.0,1997,10,16,8,30
CPI,1997.0,9.0,12.0,1997,10,16,13,30
CPIX,1997.0,10.0,12.0,1997,11,18,8,30
CPIX,1997.0,10.0,12.0,1997,11,18,8,30
CPI,1997.0,10.0,12.0,1997,11,18,13,30
CPIX,1997.0,11.0,12.0,1997,12,16,8,30
CPI,1997.0,11.0,12.0,1997,12,16,13,30
CPI,1997.0,12.0,12.0,1998,1,13,8,30
CPIX,1997.0,12.0,12.0,1998,1,13,8,30
CPI,1998.0,1.0,12.0,1998,2,24,8,30
CPIX,1998.0,1.0,12.0,1998,2,24,8,30
CPI,1998.0,2.0,12.0,1998,3,19,8,30
CPIX,1998.0,2.0,12.0,1998,3,19,8,30
CPI,1998.0,3.0,12.0,1998,4,14,8,30
CPIX,1998.0,3.0,12.0,1998,4,14,8,30
CPI,1998.0,4.0,12.0,1998,5,14,8,30
CPIX,1998.0,4.0,12.0,1998,5,14,8,30
CPI,1998.0,5.0,12.0,1998,6,16,8,30
CPIX,1998.0,5.0,12.0,1998,6,16,8,30
CPI,1998.0,6.0,12.0,1998,7,14,8,30
CPIX,1998.0,6.0,12.0,1998,7,14,8,30
CPI,1998.0,7.0,12.0,1998,8,18,8,30
CPIX,1998.0,7.0,12.0,1998,8,18,8,30
CPI,1998.0,8.0,12.0,1998,9,17,8,30
CPIX,1998.0,8.0,12.0,1998,9,17,8,30
CPI,1998.0,9.0,12.0,1998,10,16,8,30
CPIX,1998.0,9.0,12.0,1998,10,16,8,30
CPI,1998.0,10.0,12.0,1998,11,17,8,30
CPIX,1998.0,10.0,12.0,1998,11,17,8,30
CPI,1998.0,11.0,12.0,1998,12,15,8,30
CPIX,1998.0,11.0,12.0,1998,12,15,8,30
CPI,1998.0,12.0,12.0,1999,1,14,8,30
CPIX,1998.0,12.0,12.0,1999,1,14,8,30
CPI,1999.0,1.0,12.0,1999,2,19,8,30
CPIX,1999.0,1.0,12.0,1999,2,19,8,30
CPI,1999.0,2.0,12.0,1999,3,18,8,30
CPIX,1999.0,2.0,12.0,1999,3,18,8,30
CPI,1999.0,3.0,12.0,1999,4,13,8,30
CPIX,1999.0,3.0,12.0,1999,4,13,8,30
CPI,1999.0,4.0,12.0,1999,5,14,8,30
CPIX,1999.0,4.0,12.0,1999,5,14,8,30
CPI,1999.0,5.0,12.0,1999,6,16,8,30
CPIX,1999.0,5.0,12.0,1999,6,16,8,30
CPI,1999.0,6.0,12.0,1999,7,15,8,30
CPIX,1999.0,6.0,12.0,1999,7,15,8,30
CPI,1999.0,7.0,12.0,1999,8,17,8,30
CPIX,1999.0,7.0,12.0,1999,8,17,8,30
CPI,1999.0,8.0,12.0,1999,9,15,8,30
CPIX,1999.0,8.0,12.0,1999,9,15,8,30
CPI,1999.0,9.0,12.0,1999,10,19,8,30
CPIX,1999.0,9.0,12.0,1999,10,19,8,30
CPI,1999.0,10.0,12.0,1999,11,17,8,30
CPIX,1999.0,10.0,12.0,1999,11,17,8,30
CPI,1999.0,11.0,12.0,1999,12,14,8,30
CPIX,1999.0,11.0,12.0,1999,12,14,8,30
CPI,1999.0,12.0,12.0,2000,1,14,8,30
CPIX,1999.0,12.0,12.0,2000,1,14,8,30
CPI,2000.0,1.0,12.0,2000,2,18,8,30
CPIX,2000.0,1.0,12.0,2000,2,18,8,30
CPI,2000.0,2.0,12.0,2000,3,17,8,30
CPIX,2000.0,2.0,12.0,2000,3,17,8,30
CPI,2000.0,3.0,12.0,2000,4,14,8,30
CPIX,2000.0,3.0,12.0,2000,4,14,8,30
CPI,2000.0,4.0,12.0,2000,5,16,8,30
CPIX,2000.0,4.0,12.0,2000,5,16,8,30
CPI,2000.0,5.0,12.0,2000,6,14,8,30
CPIX,2000.0,5.0,12.0,2000,6,14,8,30
CPI,2000.0,6.0,12.0,2000,7,18,8,30
CPIX,2000.0,6.0,12.0,2000,7,18,8,30
CPI,2000.0,7.0,12.0,2000,8,16,8,30
CPIX,2000.0,7.0,12.0,2000,8,16,8,30
CPI,2000.0,8.0,12.0,2000,9,15,8,30
CPIX,2000.0,8.0,12.0,2000,9,15,8,30
CPI,2000.0,9.0,12.0,2000,10,18,8,30
CPIX,2000.0,9.0,12.0,2000,10,18,8,30
CPI,2000.0,10.0,12.0,2000,11,16,8,30
CPIX,2000.0,10.0,12.0,2000,11,16,8,30
CPI,2000.0,11.0,12.0,2000,12,15,8,30
CPIX,2000.0,11.0,12.0,2000,12,15,8,30
CPI,2000.0,12.0,12.0,2001,1,17,8,30
CPIX,2000.0,12.0,12.0,2001,1,17,8,30
CPI,2001.0,1.0,12.0,2001,2,21,8,30
CPIX,2001.0,1.0,12.0,2001,2,21,8,30
CPI,2001.0,2.0,12.0,2001,3,21,8,30
CPIX,2001.0,2.0,12.0,2001,3,21,8,30
CPI,2001.0,3.0,12.0,2001,4,17,8,30
CPIX,2001.0,3.0,12.0,2001,4,17,8,30
CPI,2001.0,4.0,12.0,2001,5,16,8,30
CPIX,2001.0,4.0,12.0,2001,5,16,8,30
CPI,2001.0,5.0,12.0,2001,6,15,8,30
CPIX,2001.0,5.0,12.0,2001,6,15,8,30
CPI,2001.0,6.0,12.0,2001,7,18,8,30
CPIX,2001.0,6.0,12.0,2001,7,18,8,30
CPI,2001.0,7.0,12.0,2001,8,16,8,30
CPIX,2001.0,7.0,12.0,2001,8,16,8,30
CPI,2001.0,8.0,12.0,2001,9,18,8,30
CPIX,2001.0,8.0,12.0,2001,9,18,8,30
CPI,2001.0,9.0,12.0,2001,10,19,8,30
CPIX,2001.0,9.0,12.0,2001,10,19,8,30
CPI,2001.0,10.0,12.0,2001,11,16,8,30
CPIX,2001.0,10.0,12.0,2001,11,16,8,30
CPI,2001.0,11.0,12.0,2001,12,14,8,30
CPIX,2001.0,11.0,12.0,2001,12,14,8,30
CPI,2001.0,12.0,12.0,2002,1,16,8,30
CPIX,2001.0,12.0,12.0,2002,1,16,8,30
CPI,2002.0,1.0,12.0,2002,2,20,8,30
CPIX,2002.0,1.0,12.0,2002,2,20,8,30
CPI,2002.0,2.0,12.0,2002,3,21,8,30
CPIX,2002.0,2.0,12.0,2002,3,21,8,30
CPI,2002.0,3.0,12.0,2002,4,16,8,30
CPIX,2002.0,3.0,12.0,2002,4,16,8,30
CPI,2002.0,4.0,12.0,2002,5,15,8,30
CPIX,2002.0,4.0,12.0,2002,5,15,8,30
CPI,2002.0,5.0,12.0,2002,6,18,8,30
CPIX,2002.0,5.0,12.0,2002,6,18,8,30
CPI,2002.0,6.0,12.0,2002,7,19,8,30
CPIX,2002.0,6.0,12.0,2002,7,19,8,30
CPI,2002.0,7.0,12.0,2002,8,16,8,30
CPIX,2002.0,7.0,12.0,2002,8,16,8,30
CPI,2002.0,8.0,12.0,2002,9,18,8,30
CPIX,2002.0,8.0,12.0,2002,9,18,8,30
CPI,2002.0,9.0,12.0,2002,10,18,8,30
CPIX,2002.0,9.0,12.0,2002,10,18,8,30
CPI,2002.0,10.0,12.0,2002,11,19,8,30
CPIX,2002.0,10.0,12.0,2002,11,19,8,30
CPI,2002.0,11.0,12.0,2002,12,17,8,30
CPIX,2002.0,11.0,12.0,2002,12,17,8,30
CPI,2002.0,12.0,12.0,2003,1,16,8,30
CPIX,2002.0,12.0,12.0,2003,1,16,8,30
CPI,2003.0,1.0,12.0,2003,2,21,8,30
CPIX,2003.0,1.0,12.0,2003,2,21,8,30
CPI,2003.0,2.0,12.0,2003,3,21,8,30
CPIX,2003.0,2.0,12.0,2003,3,21,8,30
CPI,2003.0,3.0,12.0,2003,4,16,8,30
CPIX,2003.0,3.0,12.0,2003,4,16,8,30
CPI,2003.0,4.0,12.0,2003,5,16,8,30
CPIX,2003.0,4.0,12.0,2003,5,16,8,30
CPI,2003.0,5.0,12.0,2003,6,17,8,30
CPIX,2003.0,5.0,12.0,2003,6,17,8,30
CPI,2003.0,6.0,12.0,2003,7,16,8,30
CPIX,2003.0,6.0,12.0,2003,7,16,8,30
CPI,2003.0,7.0,12.0,2003,8,15,8,30
CPIX,2003.0,7.0,12.0,2003,8,15,8,30
CPI,2003.0,8.0,12.0,2003,9,16,8,30
CPIX,2003.0,8.0,12.0,2003,9,16,8,30
CPI,2003.0,9.0,12.0,2003,10,16,8,30
CPIX,2003.0,9.0,12.0,2003,10,16,8,30
CPI,2003.0,10.0,12.0,2003,11,18,8,30
CPIX,2003.0,10.0,12.0,2003,11,18,8,30
CPI,2003.0,11.0,12.0,2003,12,16,8,30
CPIX,2003.0,11.0,12.0,2003,12,16,8,30
CPI,2003.0,12.0,12.0,2004,1,15,8,30
CPIX,2003.0,12.0,12.0,2004,1,15,8,30
CPI,2004.0,1.0,12.0,2004,2,20,8,30
CPIX,2004.0,1.0,12.0,2004,2,20,8,30
CPI,2004.0,2.0,12.0,2004,3,17,8,30
CPIX,2004.0,2.0,12.0,2004,3,17,8,30
CPI,2004.0,3.0,12.0,2004,4,14,8,30
CPIX,2004.0,3.0,12.0,2004,4,14,8,30
CPI,2004.0,4.0,12.0,2004,5,14,8,30
CPIX,2004.0,4.0,12.0,2004,5,14,8,30
CPI,2004.0,5.0,12.0,2004,6,15,8,30
CPIX,2004.0,5.0,12.0,2004,6,15,8,30
CPI,2004.0,6.0,12.0,2004,7,16,8,30
CPIX,2004.0,6.0,12.0,2004,7,16,8,30
CPI,2004.0,7.0,12.0,2004,8,17,8,30
CPIX,2004.0,7.0,12.0,2004,8,17,8,30
CPI,2004.0,8.0,12.0,2004,9,16,8,30
CPIX,2004.0,8.0,12.0,2004,9,16,8,30
CPI,2004.0,9.0,12.0,2004,10,19,8,30
CPIX,2004.0,9.0,12.0,2004,10,19,8,30
CPI,2004.0,10.0,12.0,2004,11,17,8,30
CPIX,2004.0,10.0,12.0,2004,11,17,8,30
CPI,2004.0,11.0,12.0,2004,12,17,8,30
CPIX,2004.0,11.0,12.0,2004,12,17,8,30
CPI,2004.0,12.0,12.0,2005,1,19,8,30
CPIX,2004.0,12.0,12.0,2005,1,19,8,30
CPI,2005.0,1.0,12.0,2005,2,23,8,30
CPIX,2005.0,1.0,12.0,2005,2,23,8,30
CPI,2005.0,2.0,12.0,2005,3,23,8,30
CPIX,2005.0,2.0,12.0,2005,3,23,8,30
CPI,2005.0,3.0,12.0,2005,4,20,8,30
CPIX,2005.0,3.0,12.0,2005,4,20,8,30
CPI,2005.0,4.0,12.0,2005,5,18,8,30
CPIX,2005.0,4.0,12.0,2005,5,18,8,30
CPI,2005.0,5.0,12.0,2005,6,15,8,30
CPIX,2005.0,5.0,12.0,2005,6,15,8,30
PCE,2005.0,5.0,12.0,2005,6,30,8,30
CPI,2005.0,6.0,12.0,2005,7,14,8,30
CPIX,2005.0,6.0,12.0,2005,7,14,8,30
PCE,2005.0,6.0,12.0,2005,8,2,8,30
CPI,2005.0,7.0,12.0,2005,8,16,8,30
CPIX,2005.0,7.0,12.0,2005,8,16,8,30
PCE,2005.0,7.0,12.0,2005,9,1,8,30
CPI,2005.0,8.0,12.0,2005,9,15,8,30
CPIX,2005.0,8.0,12.0,2005,9,15,8,30
PCE,2005.0,8.0,12.0,2005,9,30,8,30
CPI,2005.0,9.0,12.0,2005,10,14,8,30
CPIX,2005.0,9.0,12.0,2005,10,14,8,30
PCE,2005.0,9.0,12.0,2005,10,31,8,30
CPI,2005.0,10.0,12.0,2005,11,16,8,30
CPIX,2005.0,10.0,12.0,2005,11,16,8,30
PCE,2005.0,10.0,12.0,2005,12,1,8,30
CPI,2005.0,11.0,12.0,2005,12,15,8,30
CPIX,2005.0,11.0,12.0,2005,12,15,8,30
PCE,2005.0,11.0,12.0,2005,12,22,8,30
CPI,2005.0,12.0,12.0,2006,1,18,8,30
CPIX,2005.0,12.0,12.0,2006,1,18,8,30
PCE,2005.0,12.0,12.0,2006,1,30,8,30
CPI,2006.0,1.0,12.0,2006,2,22,8,30
CPIX,2006.0,1.0,12.0,2006,2,22,8,30
PCE,2006.0,1.0,12.0,2006,3,1,8,30
CPI,2006.0,2.0,12.0,2006,3,16,8,30
CPIX,2006.0,2.0,12.0,2006,3,16,8,30
PCE,2006.0,2.0,12.0,2006,3,31,8,30
CPI,2006.0,3.0,12.0,2006,4,19,8,30
CPIX,2006.0,3.0,12.0,2006,4,19,8,30
PCE,2006.0,3.0,12.0,2006,5,1,8,30
CPI,2006.0,4.0,12.0,2006,5,17,8,30
CPIX,2006.0,4.0,12.0,2006,5,17,8,30
PCE,2006.0,4.0,12.0,2006,5,26,8,30
CPI,2006.0,5.0,12.0,2006,6,14,8,30
CPIX,2006.0,5.0,12.0,2006,6,14,8,30
PCE,2006.0,5.0,12.0,2006,6,30,8,30
CPI,2006.0,6.0,12.0,2006,7,19,8,30
CPIX,2006.0,6.0,12.0,2006,7,19,8,30
PCE,2006.0,6.0,12.0,2006,8,1,8,30
CPI,2006.0,7.0,12.0,2006,8,16,8,30
CPIX,2006.0,7.0,12.0,2006,8,16,8,30
PCE,2006.0,7.0,12.0,2006,8,31,8,30
CPI,2006.0,8.0,12.0,2006,9,15,8,30
CPIX,2006.0,8.0,12.0,2006,9,15,8,30
PCE,2006.0,8.0,12.0,2006,9,29,8,30
CPI,2006.0,9.0,12.0,2006,10,18,8,30
CPIX,2006.0,9.0,12.0,2006,10,18,8,30
PCE,2006.0,9.0,12.0,2006,10,30,8,30
CPI,2006.0,10.0,12.0,2006,11,16,8,30
CPIX,2006.0,10.0,12.0,2006,11,16,8,30
PCE,2006.0,10.0,12.0,2006,11,30,8,30
CPI,2006.0,11.0,12.0,2006,12,15,8,30
CPIX,2006.0,11.0,12.0,2006,12,15,8,30
PCE,2006.0,11.0,12.0,2006,12,22,8,30
CPI,2006.0,12.0,12.0,2007,1,18,8,30
CPIX,2006.0,12.0,12.0,2007,1,18,8,30
PCE,2006.0,12.0,12.0,2007,2,1,8,30
CPI,2007.0,1.0,12.0,2007,2,21,8,30
CPIX,2007.0,1.0,12.0,2007,2,21,8,30
PCE,2007.0,1.0,12.0,2007,3,1,8,30
CPI,2007.0,2.0,12.0,2007,3,16,8,30
CPIX,2007.0,2.0,12.0,2007,3,16,8,30
PCE,2007.0,2.0,12.0,2007,3,30,8,30
CPI,2007.0,3.0,12.0,2007,4,17,8,30
CPIX,2007.0,3.0,12.0,2007,4,17,8,30
PCE,2007.0,3.0,12.0,2007,4,30,8,30
CPI,2007.0,4.0,12.0,2007,5,15,8,30
CPIX,2007.0,4.0,12.0,2007,5,15,8,30
PCE,2007.0,4.0,12.0,2007,6,1,8,30
CPI,2007.0,5.0,12.0,2007,6,15,8,30
CPIX,2007.0,5.0,12.0,2007,6,15,8,30
PCE,2007.0,5.0,12.0,2007,6,29,8,30
CPI,2007.0,6.0,12.0,2007,7,18,8,30
CPIX,2007.0,6.0,12.0,2007,7,18,8,30
PCE,2007.0,6.0,12.0,2007,7,31,8,30
CPI,2007.0,7.0,12.0,2007,8,15,8,30
CPIX,2007.0,7.0,12.0,2007,8,15,8,30
PCE,2007.0,7.0,12.0,2007,8,31,8,30
CPI,2007.0,8.0,12.0,2007,9,19,8,30
CPIX,2007.0,8.0,12.0,2007,9,19,8,30
PCE,2007.0,8.0,12.0,2007,9,28,8,30
CPI,2007.0,9.0,12.0,2007,10,17,8,30
CPIX,2007.0,9.0,12.0,2007,10,17,8,30
PCE,2007.0,9.0,12.0,2007,11,1,8,30
CPI,2007.0,10.0,12.0,2007,11,15,8,30
CPIX,2007.0,10.0,12.0,2007,11,15,8,30
PCE,2007.0,10.0,12.0,2007,11,30,8,30
CPI,2007.0,11.0,12.0,2007,12,14,8,30
CPIX,2007.0,11.0,12.0,2007,12,14,8,30
PCE,2007.0,11.0,12.0,2007,12,21,8,30
CPI,2007.0,12.0,12.0,2008,1,16,8,30
CPIX,2007.0,12.0,12.0,2008,1,16,8,30
PCE,2007.0,12.0,12.0,2008,1,31,8,30
CPI,2008.0,1.0,12.0,2008,2,20,8,30
CPIX,2008.0,1.0,12.0,2008,2,20,8,30
PCE,2008.0,1.0,12.0,2008,2,29,8,30
CPI,2008.0,2.0,12.0,2008,3,14,8,30
CPIX,2008.0,2.0,12.0,2008,3,14,8,30
PCE,2008.0,2.0,12.0,2008,3,28,8,30
CPI,2008.0,3.0,12.0,2008,4,16,8,30
CPIX,2008.0,3.0,12.0,2008,4,16,8,30
PCE,2008.0,3.0,12.0,2008,5,1,8,30
CPI,2008.0,4.0,12.0,2008,5,14,8,30
CPIX,2008.0,4.0,12.0,2008,5,14,8,30
PCE,2008.0,4.0,12.0,2008,5,30,8,30
CPI,2008.0,5.0,12.0,2008,6,13,8,30
CPIX,2008.0,5.0,12.0,2008,6,13,8,30
PCE,2008.0,5.0,12.0,2008,6,27,8,30
CPI,2008.0,6.0,12.0,2008,7,16,8,30
CPIX,2008.0,6.0,12.0,2008,7,16,8,30
PCE,2008.0,6.0,12.0,2008,8,4,8,30
CPI,2008.0,7.0,12.0,2008,8,14,8,30
CPIX,2008.0,7.0,12.0,2008,8,14,8,30
PCE,2008.0,7.0,12.0,2008,8,29,8,30
CPI,2008.0,8.0,12.0,2008,9,16,8,30
CPIX,2008.0,8.0,12.0,2008,9,16,8,30
PCE,2008.0,8.0,12.0,2008,9,29,8,30
CPI,2008.0,9.0,12.0,2008,10,16,8,30
CPIX,2008.0,9.0,12.0,2008,10,16,8,30
PCE,2008.0,9.0,12.0,2008,10,31,8,30
CPI,2008.0,10.0,12.0,2008,11,19,8,30
CPIX,2008.0,10.0,12.0,2008,11,19,8,30
PCE,2008.0,10.0,12.0,2008,11,26,8,30
CPI,2008.0,11.0,12.0,2008,12,16,8,30
CPIX,2008.0,11.0,12.0,2008,12,16,8,30
PCE,2008.0,11.0,12.0,2008,12,24,8,30
CPI,2008.0,12.0,12.0,2009,1,16,8,30
CPIX,2008.0,12.0,12.0,2009,1,16,8,30
PCE,2008.0,12.0,12.0,2009,2,2,8,30
CPI,2009.0,1.0,12.0,2009,2,20,8,30
CPIX,2009.0,1.0,12.0,2009,2,20,8,30
PCE,2009.0,1.0,12.0,2009,3,2,8,30
CPI,2009.0,2.0,12.0,2009,3,18,8,30
CPIX,2009.0,2.0,12.0,2009,3,18,8,30
PCE,2009.0,2.0,12.0,2009,3,27,8,30
CPI,2009.0,3.0,12.0,2009,4,15,8,30
CPIX,2009.0,3.0,12.0,2009,4,15,8,30
PCE,2009.0,3.0,12.0,2009,4,30,8,30
CPI,2009.0,4.0,12.0,2009,5,15,8,30
CPIX,2009.0,4.0,12.0,2009,5,15,8,30
PCE,2009.0,4.0,12.0,2009,6,1,8,30
CPI,2009.0,5.0,12.0,2009,6,17,8,30
CPIX,2009.0,5.0,12.0,2009,6,17,8,30
PCE,2009.0,5.0,12.0,2009,6,26,8,30
CPI,2009.0,6.0,12.0,2009,7,15,8,30
CPIX,2009.0,6.0,12.0,2009,7,15,8,30
PCE,2009.0,6.0,12.0,2009,8,4,8,30
CPI,2009.0,7.0,12.0,2009,8,14,8,30
CPIX,2009.0,7.0,12.0,2009,8,14,8,30
PCE,2009.0,7.0,12.0,2009,8,28,8,30
CPI,2009.0,8.0,12.0,2009,9,16,8,30
CPIX,2009.0,8.0,12.0,2009,9,16,8,30
PCE,2009.0,8.0,12.0,2009,10,1,8,30
CPI,2009.0,9.0,12.0,2009,10,15,8,30
CPIX,2009.0,9.0,12.0,2009,10,15,8,30
PCE,2009.0,9.0,12.0,2009,10,30,8,30
CPI,2009.0,10.0,12.0,2009,11,18,8,30
CPIX,2009.0,10.0,12.0,2009,11,18,8,30
PCE,2009.0,10.0,12.0,2009,11,25,8,30
CPI,2009.0,11.0,12.0,2009,12,16,8,30
CPIX,2009.0,11.0,12.0,2009,12,16,8,30
PCE,2009.0,11.0,12.0,2009,12,23,8,30
CPI,2009.0,12.0,12.0,2010,1,15,8,30
CPIX,2009.0,12.0,12.0,2010,1,15,8,30
PCE,2009.0,12.0,12.0,2010,2,1,8,30
CPI,2010.0,1.0,12.0,2010,2,19,8,30
CPIX,2010.0,1.0,12.0,2010,2,19,8,30
PCE,2010.0,1.0,12.0,2010,3,1,8,30
CPI,2010.0,2.0,12.0,2010,3,18,8,30
CPIX,2010.0,2.0,12.0,2010,3,18,8,30
PCE,2010.0,2.0,12.0,2010,3,29,8,30
CPI,2010.0,3.0,12.0,2010,4,14,8,30
CPIX,2010.0,3.0,12.0,2010,4,14,8,30
PCE,2010.0,3.0,12.0,2010,5,3,8,30
CPI,2010.0,4.0,12.0,2010,5,19,8,30
CPIX,2010.0,4.0,12.0,2010,5,19,8,30
PCE,2010.0,4.0,12.0,2010,5,28,8,30
CPI,2010.0,5.0,12.0,2010,6,17,8,30
CPIX,2010.0,5.0,12.0,2010,6,17,8,30
PCE,2010.0,5.0,12.0,2010,6,28,8,30
CPI,2010.0,6.0,12.0,2010,7,16,8,30
CPIX,2010.0,6.0,12.0,2010,7,16,8,30
PCE,2010.0,6.0,12.0,2010,8,3,8,30
CPI,2010.0,7.0,12.0,2010,8,13,8,30
CPIX,2010.0,7.0,12.0,2010,8,13,8,30
PCE,2010.0,7.0,12.0,2010,8,30,8,30
CPI,2010.0,8.0,12.0,2010,9,17,8,30
CPIX,2010.0,8.0,12.0,2010,9,17,8,30
PCE,2010.0,8.0,12.0,2010,10,1,8,30
CPI,2010.0,9.0,12.0,2010,10,15,8,30
CPIX,2010.0,9.0,12.0,2010,10,15,8,30
PCE,2010.0,9.0,12.0,2010,11,1,8,30
CPI,2010.0,10.0,12.0,2010,11,17,8,30
CPIX,2010.0,10.0,12.0,2010,11,17,8,30
PCE,2010.0,10.0,12.0,2010,11,24,8,30
CPI,2010.0,11.0,12.0,2010,12,15,8,30
CPIX,2010.0,11.0,12.0,2010,12,15,8,30
PCE,2010.0,11.0,12.0,2010,12,23,8,30
CPI,2010.0,12.0,12.0,2011,1,14,8,30
CPIX,2010.0,12.0,12.0,2011,1,14,8,30
PCE,2010.0,12.0,12.0,2011,1,31,8,30
CPI,2011.0,1.0,12.0,2011,2,17,8,30
CPIX,2011.0,1.0,12.0,2011,2,17,8,30
PCE,2011.0,1.0,12.0,2011,2,28,8,30
CPI,2011.0,2.0,12.0,2011,3,17,8,30
CPIX,2011.0,2.0,12.0,2011,3,17,8,30
PCE,2011.0,2.0,12.0,2011,3,28,8,30
CPI,2011.0,3.0,12.0,2011,4,15,8,30
CPIX,2011.0,3.0,12.0,2011,4,15,8,30
PCE,2011.0,3.0,12.0,2011,4,29,8,30
CPI,2011.0,4.0,12.0,2011,5,13,8,30
CPIX,2011.0,4.0,12.0,2011,5,13,8,30
PCE,2011.0,4.0,12.0,2011,5,27,8,30
CPI,2011.0,5.0,12.0,2011,6,15,8,30
CPIX,2011.0,5.0,12.0,2011,6,15,8,30
PCE,2011.0,5.0,12.0,2011,6,27,8,30
CPI,2011.0,6.0,12.0,2011,7,15,8,30
CPIX,2011.0,6.0,12.0,2011,7,15,8,30
PCE,2011.0,6.0,12.0,2011,8,2,8,30
CPI,2011.0,7.0,12.0,2011,8,18,8,30
CPIX,2011.0,7.0,12.0,2011,8,18,8,30
PCE,2011.0,7.0,12.0,2011,8,29,8,30
CPI,2011.0,8.0,12.0,2011,9,15,8,30
CPIX,2011.0,8.0,12.0,2011,9,15,8,30
PCE,2011.0,8.0,12.0,2011,9,30,8,30
CPI,2011.0,9.0,12.0,2011,10,19,8,30
CPIX,2011.0,9.0,12.0,2011,10,19,8,30
PCE,2011.0,9.0,12.0,2011,10,28,8,30
CPI,2011.0,10.0,12.0,2011,11,16,8,30
CPIX,2011.0,10.0,12.0,2011,11,16,8,30
PCE,2011.0,10.0,12.0,2011,11,23,8,30
CPI,2011.0,11.0,12.0,2011,12,16,8,30
CPIX,2011.0,11.0,12.0,2011,12,16,8,30
PCE,2011.0,11.0,12.0,2011,12,23,8,30
CPI,2011.0,12.0,12.0,2012,1,19,8,30
CPIX,2011.0,12.0,12.0,2012,1,19,8,30
PCE,2011.0,12.0,12.0,2012,1,30,8,30
CPI,2012.0,1.0,12.0,2012,2,17,8,30
CPIX,2012.0,1.0,12.0,2012,2,17,8,30
PCE,2012.0,1.0,12.0,2012,3,1,8,30
CPI,2012.0,2.0,12.0,2012,3,16,8,30
CPIX,2012.0,2.0,12.0,2012,3,16,8,30
PCEX,2012.0,2.0,12.0,2012,3,30,8,30
PCE,2012.0,2.0,12.0,2012,3,30,8,30
CPI,2012.0,3.0,12.0,2012,4,13,8,30
CPIX,2012.0,3.0,12.0,2012,4,13,8,30
PCEX,2012.0,3.0,12.0,2012,4,30,8,30
PCE,2012.0,3.0,12.0,2012,4,30,8,30
CPI,2012.0,4.0,12.0,2012,5,15,8,30
CPIX,2012.0,4.0,12.0,2012,5,15,8,30
PCEX,2012.0,4.0,12.0,2012,6,1,8,30
PCE,2012.0,4.0,12.0,2012,6,1,8,30
CPI,2012.0,5.0,12.0,2012,6,14,8,30
CPIX,2012.0,5.0,12.0,2012,6,14,8,30
PCEX,2012.0,5.0,12.0,2012,6,29,8,30
PCE,2012.0,5.0,12.0,2012,6,29,8,30
CPI,2012.0,6.0,12.0,2012,7,17,8,30
CPIX,2012.0,6.0,12.0,2012,7,17,8,30
PCEX,2012.0,6.0,12.0,2012,7,31,8,30
PCE,2012.0,6.0,12.0,2012,7,31,8,30
CPI,2012.0,7.0,12.0,2012,8,15,8,30
CPIX,2012.0,7.0,12.0,2012,8,15,8,30
PCEX,2012.0,7.0,12.0,2012,8,30,8,30
PCE,2012.0,7.0,12.0,2012,8,30,8,30
CPI,2012.0,8.0,12.0,2012,9,14,8,30
CPIX,2012.0,8.0,12.0,2012,9,14,8,30
PCEX,2012.0,8.0,12.0,2012,9,28,8,30
PCE,2012.0,8.0,12.0,2012,9,28,8,30
CPI,2012.0,9.0,12.0,2012,10,16,8,30
CPIX,2012.0,9.0,12.0,2012,10,16,8,30
PCEX,2012.0,9.0,12.0,2012,10,29,8,30
PCE,2012.0,9.0,12.0,2012,10,29,8,30
CPI,2012.0,10.0,12.0,2012,11,15,8,30
CPIX,2012.0,10.0,12.0,2012,11,15,8,30
PCEX,2012.0,10.0,12.0,2012,11,30,8,30
PCE,2012.0,10.0,12.0,2012,11,30,8,30
CPI,2012.0,11.0,12.0,2012,12,14,8,30
CPIX,2012.0,11.0,12.0,2012,12,14,8,30
PCEX,2012.0,11.0,12.0,2012,12,21,8,30
PCE,2012.0,11.0,12.0,2012,12,21,8,30
CPI,2012.0,12.0,12.0,2013,1,16,8,30
CPIX,2012.0,12.0,12.0,2013,1,16,8,30
PCEX,2012.0,12.0,12.0,2013,1,31,8,30
PCE,2012.0,12.0,12.0,2013,1,31,8,30
CPI,2013.0,1.0,12.0,2013,2,21,8,30
CPIX,2013.0,1.0,12.0,2013,2,21,8,30
PCEX,2013.0,1.0,12.0,2013,3,1,8,30
PCE,2013.0,1.0,12.0,2013,3,1,8,30
CPI,2013.0,2.0,12.0,2013,3,15,8,30
CPIX,2013.0,2.0,12.0,2013,3,15,8,30
PCEX,2013.0,2.0,12.0,2013,3,29,8,30
PCE,2013.0,2.0,12.0,2013,3,29,8,30
CPI,2013.0,3.0,12.0,2013,4,16,8,30
CPIX,2013.0,3.0,12.0,2013,4,16,8,30
PCEX,2013.0,3.0,12.0,2013,4,29,8,30
PCE,2013.0,3.0,12.0,2013,4,29,8,30
CPI,2013.0,4.0,12.0,2013,5,16,8,30
CPIX,2013.0,4.0,12.0,2013,5,16,8,30
PCEX,2013.0,4.0,12.0,2013,5,31,8,30
PCE,2013.0,4.0,12.0,2013,5,31,8,30
CPI,2013.0,5.0,12.0,2013,6,18,8,30
CPIX,2013.0,5.0,12.0,2013,6,18,8,30
PCEX,2013.0,5.0,12.0,2013,6,27,8,30
PCE,2013.0,5.0,12.0,2013,6,27,8,30
CPI,2013.0,6.0,12.0,2013,7,16,8,30
CPIX,2013.0,6.0,12.0,2013,7,16,8,30
PCEX,2013.0,6.0,12.0,2013,8,2,8,30
PCE,2013.0,6.0,12.0,2013,8,2,8,30
CPI,2013.0,7.0,12.0,2013,8,15,8,30
CPIX,2013.0,7.0,12.0,2013,8,15,8,30
PCEX,2013.0,7.0,12.0,2013,8,30,8,30
PCE,2013.0,7.0,12.0,2013,8,30,8,30
CPI,2013.0,8.0,12.0,2013,9,17,8,30
CPIX,2013.0,8.0,12.0,2013,9,17,8,30
PCEX,2013.0,8.0,12.0,2013,9,27,8,30
PCE,2013.0,8.0,12.0,2013,9,27,8,30
CPI,2013.0,9.0,12.0,2013,10,30,8,30
CPIX,2013.0,9.0,12.0,2013,10,30,8,30
PCEX,2013.0,9.0,12.0,2013,11,8,8,30
PCE,2013.0,9.0,12.0,2013,11,8,8,30
CPI,2013.0,10.0,12.0,2013,11,20,8,30
CPIX,2013.0,10.0,12.0,2013,11,20,8,30
PCEX,2013.0,10.0,12.0,2013,12,6,8,30
PCE,2013.0,10.0,12.0,2013,12,6,8,30
CPI,2013.0,11.0,12.0,2013,12,17,8,30
CPIX,2013.0,11.0,12.0,2013,12,17,8,30
PCEX,2013.0,11.0,12.0,2013,12,23,8,30
PCE,2013.0,11.0,12.0,2013,12,23,8,30
CPI,2013.0,12.0,12.0,2014,1,16,8,30
CPIX,2013.0,12.0,12.0,2014,1,16,8,30
PCEX,2013.0,12.0,12.0,2014,1,31,8,30
PCE,2013.0,12.0,12.0,2014,1,31,8,30
CPI,2014.0,1.0,12.0,2014,2,20,8,30
CPIX,2014.0,1.0,12.0,2014,2,20,8,30
PCEX,2014.0,1.0,12.0,2014,3,3,8,30
PCE,2014.0,1.0,12.0,2014,3,3,8,30
CPI,2014.0,2.0,12.0,2014,3,18,8,30
CPIX,2014.0,2.0,12.0,2014,3,18,8,30
PCEX,2014.0,2.0,12.0,2014,3,28,8,30
PCE,2014.0,2.0,12.0,2014,3,28,8,30
CPI,2014.0,3.0,12.0,2014,4,15,8,30
CPIX,2014.0,3.0,12.0,2014,4,15,8,30
PCEX,2014.0,3.0,12.0,2014,5,1,8,30
PCE,2014.0,3.0,12.0,2014,5,1,8,30
CPI,2014.0,4.0,12.0,2014,5,15,8,30
CPIX,2014.0,4.0,12.0,2014,5,15,8,30
PCEX,2014.0,4.0,12.0,2014,5,30,8,30
PCE,2014.0,4.0,12.0,2014,5,30,8,30
CPI,2014.0,5.0,12.0,2014,6,17,8,30
CPIX,2014.0,5.0,12.0,2014,6,17,8,30
PCEX,2014.0,5.0,12.0,2014,6,26,8,30
PCE,2014.0,5.0,12.0,2014,6,26,8,30
CPI,2014.0,6.0,12.0,2014,7,22,8,30
CPIX,2014.0,6.0,12.0,2014,7,22,8,30
PCEX,2014.0,6.0,12.0,2014,8,1,8,30
PCE,2014.0,6.0,12.0,2014,8,1,8,30
CPI,2014.0,7.0,12.0,2014,8,19,8,30
CPIX,2014.0,7.0,12.0,2014,8,19,8,30
PCEX,2014.0,7.0,12.0,2014,8,29,8,30
PCE,2014.0,7.0,12.0,2014,8,29,8,30
CPI,2014.0,8.0,12.0,2014,9,17,8,30
CPIX,2014.0,8.0,12.0,2014,9,17,8,30
PCEX,2014.0,8.0,12.0,2014,9,29,8,30
PCE,2014.0,8.0,12.0,2014,9,29,8,30
CPI,2014.0,9.0,12.0,2014,10,22,8,30
CPIX,2014.0,9.0,12.0,2014,10,22,8,30
PCEX,2014.0,9.0,12.0,2014,10,31,8,30
PCE,2014.0,9.0,12.0,2014,10,31,8,30
CPI,2014.0,10.0,12.0,2014,11,20,8,30
CPIX,2014.0,10.0,12.0,2014,11,20,8,30
PCEX,2014.0,10.0,12.0,2014,11,26,8,30
PCE,2014.0,10.0,12.0,2014,11,26,8,30
CPI,2014.0,11.0,12.0,2014,12,17,8,30
CPIX,2014.0,11.0,12.0,2014,12,17,8,30
PCEX,2014.0,11.0,12.0,2014,12,23,10,0
PCE,2014.0,11.0,12.0,2014,12,23,10,0
CPI,2014.0,12.0,12.0,2015,1,16,8,30
CPIX,2014.0,12.0,12.0,2015,1,16,8,30
PCEX,2014.0,12.0,12.0,2015,2,2,8,30
PCE,2014.0,12.0,12.0,2015,2,2,8,30
CPI,2015.0,1.0,12.0,2015,2,26,8,30
CPIX,2015.0,1.0,12.0,2015,2,26,8,30
PCEX,2015.0,1.0,12.0,2015,3,2,8,30
PCE,2015.0,1.0,12.0,2015,3,2,8,30
CPI,2015.0,2.0,12.0,2015,3,24,8,30
CPIX,2015.0,2.0,12.0,2015,3,24,8,30
PCEX,2015.0,2.0,12.0,2015,3,30,8,30
PCE,2015.0,2.0,12.0,2015,3,30,8,30
CPI,2015.0,3.0,12.0,2015,4,17,8,30
CPIX,2015.0,3.0,12.0,2015,4,17,8,30
PCEX,2015.0,3.0,12.0,2015,4,30,8,30
PCE,2015.0,3.0,12.0,2015,4,30,8,30
CPI,2015.0,4.0,12.0,2015,5,22,8,30
CPIX,2015.0,4.0,12.0,2015,5,22,8,30
PCEX,2015.0,4.0,12.0,2015,6,1,8,30
PCE,2015.0,4.0,12.0,2015,6,1,8,30
CPI,2015.0,5.0,12.0,2015,6,18,8,30
CPIX,2015.0,5.0,12.0,2015,6,18,8,30
PCEX,2015.0,5.0,12.0,2015,6,25,8,30
PCE,2015.0,5.0,12.0,2015,6,25,8,30
CPI,2015.0,6.0,12.0,2015,7,17,8,30
CPIX,2015.0,6.0,12.0,2015,7,17,8,30
PCEX,2015.0,6.0,12.0,2015,8,3,8,30
PCE,2015.0,6.0,12.0,2015,8,3,8,30
CPI,2015.0,7.0,12.0,2015,8,19,8,30
CPIX,2015.0,7.0,12.0,2015,8,19,8,30
PCEX,2015.0,7.0,12.0,2015,8,28,8,30
PCE,2015.0,7.0,12.0,2015,8,28,8,30
CPI,2015.0,8.0,12.0,2015,9,16,8,30
CPIX,2015.0,8.0,12.0,2015,9,16,8,30
PCEX,2015.0,8.0,12.0,2015,9,28,8,30
PCE,2015.0,8.0,12.0,2015,9,28,8,30
CPI,2015.0,9.0,12.0,2015,10,15,8,30
CPIX,2015.0,9.0,12.0,2015,10,15,8,30
PCEX,2015.0,9.0,12.0,2015,10,30,8,30
PCE,2015.0,9.0,12.0,2015,10,30,8,30
CPI,2015.0,10.0,12.0,2015,11,17,8,30
CPIX,2015.0,10.0,12.0,2015,11,17,8,30
PCEX,2015.0,10.0,12.0,2015,11,25,8,30
PCE,2015.0,10.0,12.0,2015,11,25,8,30
CPI,2015.0,11.0,12.0,2015,12,15,8,30
CPIX,2015.0,11.0,12.0,2015,12,15,8,30
PCEX,2015.0,11.0,12.0,2015,12,23,8,30
PCE,2015.0,11.0,12.0,2015,12,23,8,30
CPI,2015.0,12.0,12.0,2016,1,20,8,30
CPIX,2015.0,12.0,12.0,2016,1,20,8,30
PCEX,2015.0,12.0,12.0,2016,2,1,8,30
PCE,2015.0,12.0,12.0,2016,2,1,8,30
CPI,2016.0,1.0,12.0,2016,2,19,8,30
CPIX,2016.0,1.0,12.0,2016,2,19,8,30
PCEX,2016.0,1.0,12.0,2016,2,26,10,0
PCE,2016.0,1.0,12.0,2016,2,26,10,0
CPI,2016.0,2.0,12.0,2016,3,16,8,30
CPIX,2016.0,2.0,12.0,2016,3,16,8,30
PCEX,2016.0,2.0,12.0,2016,3,28,8,30
PCE,2016.0,2.0,12.0,2016,3,28,8,30
CPI,2016.0,3.0,12.0,2016,4,14,8,30
CPIX,2016.0,3.0,12.0,2016,4,14,8,30
PCEX,2016.0,3.0,12.0,2016,4,29,8,30
PCE,2016.0,3.0,12.0,2016,4,29,8,30
CPI,2016.0,4.0,12.0,2016,5,17,8,30
CPIX,2016.0,4.0,12.0,2016,5,17,8,30
PCEX,2016.0,4.0,12.0,2016,5,31,8,30
PCE,2016.0,4.0,12.0,2016,5,31,8,30
CPI,2016.0,5.0,12.0,2016,6,16,8,30
CPIX,2016.0,5.0,12.0,2016,6,16,8,30
PCEX,2016.0,5.0,12.0,2016,6,29,8,30
PCE,2016.0,5.0,12.0,2016,6,29,8,30
CPI,2016.0,6.0,12.0,2016,7,15,8,30
CPIX,2016.0,6.0,12.0,2016,7,15,8,30
PCEX,2016.0,6.0,12.0,2016,8,2,8,30
PCE,2016.0,6.0,12.0,2016,8,2,8,30
CPI,2016.0,7.0,12.0,2016,8,16,8,30
CPIX,2016.0,7.0,12.0,2016,8,16,8,30
PCEX,2016.0,7.0,12.0,2016,8,29,8,30
PCE,2016.0,7.0,12.0,2016,8,29,8,30
CPI,2016.0,8.0,12.0,2016,9,16,8,30
CPIX,2016.0,8.0,12.0,2016,9,16,8,30
PCEX,2016.0,8.0,12.0,2016,9,30,8,30
PCE,2016.0,8.0,12.0,2016,9,30,8,30
CPI,2016.0,9.0,12.0,2016,10,18,8,30
CPIX,2016.0,9.0,12.0,2016,10,18,8,30
PCEX,2016.0,9.0,12.0,2016,10,31,8,30
PCE,2016.0,9.0,12.0,2016,10,31,8,30
CPI,2016.0,10.0,12.0,2016,11,17,8,30
CPIX,2016.0,10.0,12.0,2016,11,17,8,30
PCEX,2016.0,10.0,12.0,2016,11,30,8,30
PCE,2016.0,10.0,12.0,2016,11,30,8,30
CPI,2016.0,11.0,12.0,2016,12,15,8,30
CPIX,2016.0,11.0,12.0,2016,12,15,8,30
PCEX,2016.0,11.0,12.0,2016,12,22,10,0
PCE,2016.0,11.0,12.0,2016,12,22,10,0
CPI,2016.0,12.0,12.0,2017,1,18,8,30
CPIX,2016.0,12.0,12.0,2017,1,18,8,30
PCEX,2016.0,12.0,12.0,2017,1,30,8,30
PCE,2016.0,12.0,12.0,2017,1,30,8,30
CPI,2017.0,1.0,12.0,2017,2,15,8,30
CPIX,2017.0,1.0,12.0,2017,2,15,8,30
PCEX,2017.0,1.0,12.0,2017,3,1,8,30
PCE,2017.0,1.0,12.0,2017,3,1,8,30
CPI,2017.0,2.0,12.0,2017,3,15,8,30
CPIX,2017.0,2.0,12.0,2017,3,15,8,30
PCEX,2017.0,2.0,12.0,2017,3,31,8,30
PCE,2017.0,2.0,12.0,2017,3,31,8,30
CPI,2017.0,3.0,12.0,2017,4,14,8,30
CPIX,2017.0,3.0,12.0,2017,4,14,8,30
PCEX,2017.0,3.0,12.0,2017,5,1,8,30
PCE,2017.0,3.0,12.0,2017,5,1,8,30
CPI,2017.0,4.0,12.0,2017,5,12,8,30
CPIX,2017.0,4.0,12.0,2017,5,12,8,30
PCEX,2017.0,4.0,12.0,2017,5,30,8,30
PCE,2017.0,4.0,12.0,2017,5,30,8,30
CPI,2017.0,5.0,12.0,2017,6,14,8,30
CPIX,2017.0,5.0,12.0,2017,6,14,8,30
PCEX,2017.0,5.0,12.0,2017,6,30,8,30
PCE,2017.0,5.0,12.0,2017,6,30,8,30
CPI,2017.0,6.0,12.0,2017,7,14,8,30
CPIX,2017.0,6.0,12.0,2017,7,14,8,30
PCEX,2017.0,6.0,12.0,2017,8,1,8,30
PCE,2017.0,6.0,12.0,2017,8,1,8,30
CPI,2017.0,7.0,12.0,2017,8,11,8,30
CPIX,2017.0,7.0,12.0,2017,8,11,8,30
PCEX,2017.0,7.0,12.0,2017,8,31,8,30
PCE,2017.0,7.0,12.0,2017,8,31,8,30
CPI,2017.0,8.0,12.0,2017,9,14,8,30
CPIX,2017.0,8.0,12.0,2017,9,14,8,30
PCEX,2017.0,8.0,12.0,2017,9,29,8,30
PCE,2017.0,8.0,12.0,2017,9,29,8,30
CPI,2017.0,9.0,12.0,2017,10,13,8,30
CPIX,2017.0,9.0,12.0,2017,10,13,8,30
PCEX,2017.0,9.0,12.0,2017,10,30,8,30
PCE,2017.0,9.0,12.0,2017,10,30,8,30
CPI,2017.0,10.0,12.0,2017,11,15,8,30
CPIX,2017.0,10.0,12.0,2017,11,15,8,30
PCEX,2017.0,10.0,12.0,2017,11,30,8,30
PCE,2017.0,10.0,12.0,2017,11,30,8,30
CPI,2017.0,11.0,12.0,2017,12,13,8,30
CPIX,2017.0,11.0,12.0,2017,12,13,8,30
PCEX,2017.0,11.0,12.0,2017,12,22,8,30
PCE,2017.0,11.0,12.0,2017,12,22,8,30
CPI,2017.0,12.0,12.0,2018,1,12,8,30
CPIX,2017.0,12.0,12.0,2018,1,12,8,30
PCEX,2017.0,12.0,12.0,2018,1,29,8,30
PCE,2017.0,12.0,12.0,2018,1,29,8,30
CPI,2018.0,1.0,12.0,2018,2,14,8,30
CPIX,2018.0,1.0,12.0,2018,2,14,8,30
PCEX,2018.0,1.0,12.0,2018,3,1,8,30
PCE,2018.0,1.0,12.0,2018,3,1,8,30
CPI,2018.0,2.0,12.0,2018,3,13,8,30
CPIX,2018.0,2.0,12.0,2018,3,13,8,30
PCEX,2018.0,2.0,12.0,2018,3,29,8,30
PCE,2018.0,2.0,12.0,2018,3,29,8,30
CPI,2018.0,3.0,12.0,2018,4,11,8,30
CPIX,2018.0,3.0,12.0,2018,4,11,8,30
PCEX,2018.0,3.0,12.0,2018,4,30,8,30
PCE,2018.0,3.0,12.0,2018,4,30,8,30
CPI,2018.0,4.0,12.0,2018,5,10,8,30
CPIX,2018.0,4.0,12.0,2018,5,10,8,30
PCEX,2018.0,4.0,12.0,2018,5,31,8,30
PCE,2018.0,4.0,12.0,2018,5,31,8,30
CPI,2018.0,5.0,12.0,2018,6,12,8,30
CPIX,2018.0,5.0,12.0,2018,6,12,8,30
PCEX,2018.0,5.0,12.0,2018,6,29,8,30
PCE,2018.0,5.0,12.0,2018,6,29,8,30
CPI,2018.0,6.0,12.0,2018,7,12,8,30
CPIX,2018.0,6.0,12.0,2018,7,12,8,30
PCEX,2018.0,6.0,12.0,2018,7,31,8,30
PCE,2018.0,6.0,12.0,2018,7,31,8,30
CPI,2018.0,7.0,12.0,2018,8,10,8,30
CPIX,2018.0,7.0,12.0,2018,8,10,8,30
PCEX,2018.0,7.0,12.0,2018,8,30,8,30
PCE,2018.0,7.0,12.0,2018,8,30,8,30
CPI,2018.0,8.0,12.0,2018,9,13,8,30
CPIX,2018.0,8.0,12.0,2018,9,13,8,30
PCEX,2018.0,8.0,12.0,2018,9,28,8,30
PCE,2018.0,8.0,12.0,2018,9,28,8,30
CPI,2018.0,9.0,12.0,2018,10,11,8,30
CPIX,2018.0,9.0,12.0,2018,10,11,8,30
PCEX,2018.0,9.0,12.0,2018,10,29,8,30
PCE,2018.0,9.0,12.0,2018,10,29,8,30
CPI,2018.0,10.0,12.0,2018,11,14,8,30
CPIX,2018.0,10.0,12.0,2018,11,14,8,30
PCEX,2018.0,10.0,12.0,2018,11,29,8,30
PCE,2018.0,10.0,12.0,2018,11,29,8,30
CPI,2018.0,11.0,12.0,2018,12,12,8,30
CPIX,2018.0,11.0,12.0,2018,12,12,8,30
PCEX,2018.0,11.0,12.0,2018,12,21,10,0
PCE,2018.0,11.0,12.0,2018,12,21,10,0
CPI,2018.0,12.0,12.0,2019,1,11,8,30
CPIX,2018.0,12.0,12.0,2019,1,11,8,30
CPI,2019.0,1.0,12.0,2019,2,13,8,30
CPIX,2019.0,1.0,12.0,2019,2,13,8,30
PCEX,2018.0,12.0,12.0,2019,3,1,8,30
PCE,2018.0,12.0,12.0,2019,3,1,8,30
CPI,2019.0,2.0,12.0,2019,3,12,8,30
CPIX,2019.0,2.0,12.0,2019,3,12,8,30
PCEX,2019.0,1.0,12.0,2019,3,29,8,30
PCE,2019.0,1.0,12.0,2019,3,29,8,30
CPI,2019.0,3.0,12.0,2019,4,10,8,30
CPIX,2019.0,3.0,12.0,2019,4,10,8,30
PCEX,2019.0,2.0,12.0,2019,4,29,8,30
PCEX,2019.0,3.0,12.0,2019,4,29,8,30
PCE,2019.0,2.0,12.0,2019,4,29,8,30
PCE,2019.0,3.0,12.0,2019,4,29,8,30
CPI,2019.0,4.0,12.0,2019,5,10,8,30
CPIX,2019.0,4.0,12.0,2019,5,10,8,30
PCEX,2019.0,4.0,12.0,2019,5,31,8,30
PCE,2019.0,4.0,12.0,2019,5,31,8,30
CPI,2019.0,5.0,12.0,2019,6,12,8,30
CPIX,2019.0,5.0,12.0,2019,6,12,8,30
PCEX,2019.0,5.0,12.0,2019,6,28,8,30
PCE,2019.0,5.0,12.0,2019,6,28,8,30
CPI,2019.0,6.0,12.0,2019,7,11,8,30
CPIX,2019.0,6.0,12.0,2019,7,11,8,30
PCEX,2019.0,6.0,12.0,2019,7,30,8,30
PCE,2019.0,6.0,12.0,2019,7,30,8,30
CPI,2019.0,7.0,12.0,2019,8,13,8,30
CPIX,2019.0,7.0,12.0,2019,8,13,8,30
PCE,2019.0,7.0,12.0,2019,8,30,8,30
PCEX,2019.0,7.0,12.0,2019,8,30,8,30
CPI,2019.0,8.0,12.0,2019,9,12,8,30
CPIX,2019.0,8.0,12.0,2019,9,12,8,30
PCEX,2019.0,8.0,12.0,2019,9,27,8,30
PCE,2019.0,8.0,12.0,2019,9,27,8,30
CPI,2019.0,9.0,12.0,2019,10,10,8,30
CPIX,2019.0,9.0,12.0,2019,10,10,8,30
PCEX,2019.0,9.0,12.0,2019,10,31,8,30
PCE,2019.0,9.0,12.0,2019,10,31,8,30
CPI,2019.0,10.0,12.0,2019,11,13,8,30
CPIX,2019.0,10.0,12.0,2019,11,13,8,30
